star_name,star_age,movie_title,movie_year,movie_length,movie_genre,studio_name,producer_name,producer_net_worth
Wyatt Thurlborn,52,Atlas Shrugged: Part II,2001,115,Drama|Mystery|Sci-Fi,Universal,Iolande Cecil,30.864
Lidia Gamblin,64,Fitna,2012,104,Documentary,Universal,Major Kimbly,37.891
Claire Workes,39,Fear City,2011,105,Crime|Drama|Mystery|Thriller,Fox,Clea Treker,25.99
Revkah Carwardine,48,Stray Cat Rock: Delinquent Girl Boss (Nora-neko rokku: Onna banchô),2005,143,Action|Crime,Paramount,Timi Macquire,33.453
Genevra Fontaine,18,Montana,1986,133,Action|Adventure|Romance|Western,MGM,Saxe Magnar,20.145
Waldon Lamden,15,The Captains,1963,137,Documentary|Sci-Fi,Fox,Hewet McElory,32.268
Blair Josham,63,Man Made Monster,1984,97,Drama|Horror|Sci-Fi|Thriller,Warner Bros.,Duky Rymer,29.319
Lillis Northin,65,Les Lyonnais,1978,128,Drama|Thriller,Fox,Consuela Antrobus,25.109
Creigh McNamee,39,The Wedding Ringer,1952,111,Comedy,Disney,Imelda Sherreard,37.319
Desmond Dracey,6,"Human Condition III, The (Ningen no joken III)",1956,177,Drama|War,Paramount,Graham Summerley,12.247
Krishnah Djekic,64,Trailer Park Boys,1996,94,Comedy|Crime,Disney,Hermon Van Schafflaer,49.682
Binky Kolinsky,20,"Baron Blood (Orrori del castello di Norimberga, Gli)",1952,130,Horror,Universal,Hollyanne Keach,42.289
Libbey Poyzer,36,"Hitcher, The",1962,131,Action|Horror|Thriller,Disney,Kat Straughan,39.773
Barrett Beckinsall,57,"Letter to Elia, A",1944,97,Documentary,Fox,Martyn Gullan,13.469
Huntlee Dumper,68,Secretariat,1998,103,Adventure|Drama,Universal,Marve Marchbank,44.169
Petey Treadgear,35,Phase 7,1942,132,Comedy|Sci-Fi|Thriller,Warner Bros.,Nickolai Chalcroft,26.755
Sheilakathryn Fawcett,50,Hostage,1986,145,Action|Crime|Drama|Thriller,Universal,Edwin McQuilty,23.595
Tedman Bolland,36,Right America: Feeling Wronged - Some Voices from the Campaign Trail ,1974,109,Documentary,Paramount,Sadella Lindley,24.88
Eduardo McGilben,52,The Uninvited Guest,2009,126,Drama|Horror|Mystery|Thriller,Paramount,Suzann Toderi,39.998
Roxie Coche,41,Plunkett & MaCleane,1965,112,Action|Adventure|Drama,Disney,Malissia Scain,50.492
Michel Anker,64,"Place at the Table, A",1967,125,Documentary,Columbia,Lisabeth Maass,40.854
Jdavie Maurice,5,Venus in Fur (La Vénus à la fourrure),2004,83,Drama,Fox,Jeannie Brokenshaw,18.181
Robbyn Overshott,55,Heart of a Lion,1944,128,Comedy|Drama|Romance,Fox,Dianne Domange,31.891
Robbyn Redier,24,Sleepy Hollow,1996,85,Fantasy|Horror|Mystery|Romance,MGM,Amos Joire,37.111
Tallou Myford,57,"Fairly Odd Movie: Grow Up, Timmy Turner!, A",1963,143,Children|Fantasy,Fox,Domini Cobby,24.295
Aguie Jinks,69,Frank and Ollie,1941,131,Documentary,MGM,Fenelia Hasson,6.907
Daffie Ranscome,23,Kandahar (Safar e Ghandehar),1948,94,Drama,Columbia,Celle Pressey,33.141
Demetris Churchill,42,My Sister Eileen,1989,127,Comedy,Paramount,Ninon Lebond,37.003
Chadwick Hillam,32,Buchanan Rides Alone,1952,127,Western,Columbia,Gus Read,12.906
Marcellina Lepard,29,Magic Magic,1939,114,Thriller,MGM,Ardelle Mityashev,26.629
Deeanne Summerskill,29,Shiri (Swiri),1999,112,Action|Drama|Romance|Thriller,Columbia,Clare Jecks,20.476
Cristina Kinch,14,The Diary of Preston Plummer,1961,127,Drama|Romance,Disney,Gwendolin Goozee,31.745
Kaleena Chese,53,"New Jean-Claude, The (Le nouveau Jean-Claude)",1939,158,Comedy|Romance,MGM,Stevana Sommerly,11.353
Eddy Gabbot,7,Savage Three,1969,109,Drama,Universal,Alfred Cammis,31.166
Aggy Febre,63,Die Fighting,1950,141,Action|Thriller,Warner Bros.,Rozele Bodker,25.622
Ester Warbeys,20,Trust the Man,1963,79,Comedy|Drama|Romance,Fox,Birk Leacy,42.29
Rodolph Quenby,5,Not Another Teen Movie,1959,113,Comedy,Universal,Gaby Hakonsen,35.745
Fleurette Villa,63,Amer,2016,67,Drama|Horror,Fox,Blair Garber,22.92
Ikey Kerfut,15,"Original Kings of Comedy, The",1950,83,Comedy|Documentary,MGM,Boyce Floodgate,35.231
Northrup Ferriman,71,Not on the Lips (Pas sur la bouche),1939,94,Comedy|Musical|Romance,Columbia,Marty Jiracek,56.075
Toddie Furphy,30,Alien Escape,1970,150,Horror|Sci-Fi,Disney,Salvidor Prewer,29.579
Maura Fiveash,62,Demonic,1982,162,Horror|Thriller,Paramount,Shannon Simonelli,33.7
Law McCarry,42,Samsara,2012,121,Adventure|Drama|Romance,Universal,Thelma Collumbell,26.485
Dieter Muslim,39,Cameraman: The Life and Work of Jack Cardiff,1989,131,Documentary,Disney,Alethea Powers,36.33
Kim Breffit,60,Familiar Ground,1984,116,Comedy,Fox,Olly Potkins,16.189
Del Mounter,11,"Letter for the King, The (Brief voor de koning, De)",1982,104,Adventure,Paramount,Fanchon Siemandl,20.484
Job McPherson,31,Love (Szerelem),1972,115,Drama,Universal,Dacy Watkinson,32.514
Bendite Luquet,69,"Scar, The (Blizna)",1937,114,Drama,MGM,Caro Faichnie,35.873
Renaldo Loakes,68,To the Sea (Alamar),1966,87,Drama,Universal,Reyna Vaughton,26.306
Jocelyne Willoway,31,Mammuth,1953,152,Comedy|Drama,Paramount,Care Cristofvao,29.764
Conway Blouet,34,Zozo,1979,112,Drama,Paramount,Linnea Hicklingbottom,30.516
Fredericka Soldner,62,Winnie the Pooh and the Blustery Day,1971,107,Animation|Children|Musical,MGM,Gigi Farfalameev,26.227
Coop Joly,18,Love Affair,1985,126,Comedy|Drama|Romance,Columbia,Norbie Krzyzanowski,36.307
Baxie Delgadillo,72,Blood River,2005,102,Horror|Thriller|Western,Columbia,Dianne Grinley,26.183
Patrica Gaskarth,26,Dear Mr. Watterson,1971,123,Documentary,Columbia,Georgeta Faier,28.434
Cary Gerritzen,47,Grindhouse,1971,100,Action|Crime|Horror|Sci-Fi|Thriller,Warner Bros.,Dayna Paraman,26.771
Sigfried Murcutt,41,Class of 1984,1970,103,Action|Drama|Thriller,Paramount,Carolina Wankling,41.091
Bastian Tourville,7,The Land Unknown,1992,122,Adventure|Fantasy|Sci-Fi,Columbia,Tina Clery,31.596
Bentley Mooney,11,Crows and Sparrows (Wuya yu maque),1956,92,Drama,Columbia,Tani Cowie,18.09
Flore McConachie,21,Schwarze Sonne,2006,105,Documentary,Universal,Alexander Rentelll,28.408
Bogart Ivashkin,54,"Beastmaster, The",1948,107,Action|Adventure|Fantasy,Universal,Roger Cuming,31.442
Karen Snasel,24,"Warlords, The (Tau ming chong)",2013,116,Action|Drama|War,Paramount,Desdemona Lorie,31.201
Hurleigh Fabler,65,Wild Bill,1960,159,Crime|Drama,Warner Bros.,Axel Gull,31.585
Kate Sainthill,58,"Pagemaster, The",1963,121,Action|Adventure|Animation|Children|Fantasy,Fox,Claire Fronzek,37.95
Kendrick Tall,12,Two Sisters from Boston,1956,116,Comedy|Musical,Universal,Pryce Bickley,35.805
Sherlock Heinzler,30,Favor,1942,91,Thriller,MGM,Inge Scantleberry,30.715
Rachele Stoodley,11,Angel in My Pocket,1990,122,Comedy,MGM,Nata Goracci,22.014
Janella Haucke,36,Robin Hood,2000,97,Action|Drama,Paramount,Verge Kertess,20.632
Garv Lamborne,45,These Girls,1992,136,Comedy,Warner Bros.,Alisa Josupeit,35.666
Torre Oels,69,"Addiction, The",1937,137,Drama|Horror,Paramount,Korie Aspole,44.456
Alica Martinez,33,Piranha II: The Spawning,1941,107,Horror|Sci-Fi,Fox,Donna Klehyn,28.982
Coral Aldersea,16,"Black Sleep, The",1942,134,Horror|Sci-Fi,MGM,Megen Oldfield-Cherry,27.65
Rey Glencros,73,Cold Prey III (Fritt Vilt III),1963,90,Horror,Warner Bros.,Gabriella McWhorter,22.133
Richmond Gosson,54,Down to the Bone,2008,146,Drama,Universal,Janey Halvorsen,39.111
Almire Linck,20,John Mulaney: New In Town,1988,173,Comedy,Fox,Miguela McTeague,16.49
Alanah Traice,36,Fire in the Sky,1947,122,Drama|Mystery|Sci-Fi,Universal,Preston Pargiter,49.981
Esmeralda Beidebeke,18,Act of Violence,1943,147,Drama|Film-Noir|Thriller,Columbia,Morten Lavens,31.303
Fleur Shingler,51,"Great Gatsby, The",2006,103,Drama,Disney,Pacorro Bardwell,24.222
Rozanne Stille,71,"Ballad of Narayama, The (Narayama bushiko)",1946,132,Drama,Columbia,Gerta Neate,24.358
Addie Werendell,66,"Colour of Magic, The (Terry Pratchett's The Colour of Magic)",1944,135,Adventure|Comedy|Fantasy,MGM,Jo Crawford,40.397
Robin Leith,33,Wish Upon a Star,1985,91,Comedy,Universal,Seward Amberger,23.987
Samuel Slinger,62,Slipstream,1996,126,Comedy|Drama|Fantasy|Mystery|Sci-Fi|Thriller,Universal,Ileana Pordall,38.331
Dacey Gurnett,48,August Evening,1980,136,Drama,Warner Bros.,Randi Chiommienti,26.532
Samuel Avison,6,Empty Nest (El nido vacío),1967,108,Comedy|Drama,Paramount,Hamil Atto,33.535
Matty Beck,42,Hangman's Knot,2006,127,Western,Disney,Annecorinne Larrett,25.696
Kerianne Hydes,12,Interstellar,1950,138,Sci-Fi|IMAX,Columbia,Alikee Benardeau,38.722
Elene Strongman,60,Man with an Apartment (Czlowiek z M-3),1964,65,Comedy,MGM,Vevay Starmore,25.982
Alfonso Purdom,54,"Grateful Dead Movie, The",1972,145,Documentary|Musical,MGM,Ram Larcier,21.396
Spence Coumbe,73,Zift,1993,135,Crime|Drama|Mystery,Warner Bros.,Jerrine Cardnell,34.646
Dottie Lyptrit,66,Pittsburgh,1987,147,Drama,Universal,Nelia Clemence,39.914
Mose Trye,64,Ten Tall Men,1949,140,Action|Adventure|Comedy|War,Warner Bros.,Lib Grimsell,23.18
Teddy Old,7,"Common Man, A",1975,133,Action|Thriller,Paramount,Georgeanna Callendar,28.838
Ward Browne,71,Regular Guys (Echte Kerle),1979,172,Comedy|Romance,Paramount,Shay Skeggs,27.003
Windham Garrett,62,"Stickup, The",1990,107,Action|Crime|Mystery,Paramount,Caitrin Hourahan,33.768
Ogdan Iddens,23,Easy to Love,1990,140,Comedy|Musical|Romance,Columbia,Corie Osman,39.532
Desmund Rideout,7,Krull,2001,99,Action|Adventure|Fantasy|Sci-Fi,Disney,Elsi Paddle,35.071
Willa Aizik,20,Paris,2011,120,Comedy|Drama|Romance,Universal,Karissa Morphet,39.559
Jessalin M'Chirrie,21,"Kuroneko (Black Cat from the Grove, The) (Yabu no naka no kuroneko)",1956,120,Drama|Fantasy|Horror|Romance,Universal,Fabiano Pierucci,26.575
Katrine Dwyer,46,Sister Act,2001,112,Comedy|Crime,MGM,Ian Navaro,26.106
Boycey Bohin,43,10 Rillington Place,1998,113,Crime|Drama|Thriller,Disney,Claudius Saw,33.381
Daryl Killingback,14,"Pancho, the Millionaire Dog",1997,108,Children|Comedy,Warner Bros.,Karylin Godfroy,1.636
Merrill Sinnott,13,"Limey, The",1993,123,Crime|Drama|Thriller,Fox,Sergent Wilmore,25.098
Prisca Danielsson,56,"Blue Bird, The",2002,124,Fantasy,Universal,Thorsten Royle,46.775
Flinn McLeary,49,Snake and Mongoose,1936,97,Drama,Warner Bros.,Adaline Sebrens,35.071
Guillemette Mabee,42,One Day,1954,78,Drama|Romance,Warner Bros.,Ive Merryfield,45.881
Cloris Jeary,23,DiG!,1997,122,Documentary,Universal,Lindsay Risbridge,19.129
Artus Redgrave,25,Down and Derby,1937,127,Children|Comedy,Warner Bros.,Quint Ohrt,23.785
Inger Norewood,46,Bhutto,1982,149,Documentary,Disney,Lorelle Colhoun,16.575
Lenee Walch,8,Mr. Accident,1953,130,Comedy,Disney,Flynn Tennick,32.003
Trstram Antoniak,71,Lone Wolf and Cub: Sword of Vengeance (Kozure Ôkami: Kowokashi udekashi tsukamatsuru),1942,119,Action|Crime,Fox,Liesa Snoad,29.938
Chadwick Moysey,54,Ice Princess,2004,113,Children|Comedy|Drama,Warner Bros.,Danell McFadyen,24.834
Hersh MacCosty,5,Let's Not Keep in Touch!,1994,123,Comedy,Warner Bros.,Brice De Dantesie,49.096
Farand Manvell,30,Airport 1975,2004,112,Action|Drama|Thriller,Warner Bros.,Cheri Sawday,23.263
Pauli Hyatt,57,Casual Sex?,1977,65,Comedy,Warner Bros.,Inigo Gather,27.095
Octavia Vertigan,5,And Now a Word from Our Sponsor,1994,125,Comedy|Drama,Disney,Allis Gather,41.93
Odille Jahnisch,20,Red Hill,1956,109,Crime|Thriller|Western,Paramount,Abel Aldis,35.392
Sibby Hairs,40,Game of Werewolves,1968,111,Comedy|Horror,Fox,Concettina Gutteridge,42.968
Monroe Bugg,29,Two Bits,1948,126,Drama,Disney,Trip Dyball,19.352
Berne Canada,56,Dear Pillow,2004,85,Drama,MGM,Chelsie Chillistone,40.688
Konstantine Yonnie,49,"Goodbye Girl, The",1951,152,Comedy|Romance,Warner Bros.,Nike Ernke,26.357
Theresita Driffield,49,In Praise of Older Women,2002,113,Drama,MGM,Tobe Rowlands,31.668
Jephthah Perllman,10,Nice Guy Johnny,1943,111,Comedy|Romance,Paramount,Shalna Matschke,37.989
Gwenora Spavon,9,Never Say Never Again,1997,124,Action|Adventure|Thriller,Columbia,Antonio Grimmer,46.193
Anne-corinne De Michetti,36,Blackmailed,1947,141,Crime|Drama|Thriller,Columbia,Laverne Kirsz,27.627
Bordie Restorick,42,Parkland,1973,168,Drama,MGM,Calley Pinder,42.5
Conchita Boliver,46,Regeneration,1990,87,Drama|War,Fox,See Abrahamsohn,23.039
Bary Balogh,10,Shot in the Heart,1942,124,Crime|Drama,Paramount,Rosette Flicker,33.089
Gun Jakoub,7,Tobacco Road,1977,128,Comedy|Drama,MGM,Katy Arenson,25.153
Terrence Theriot,33,"Wackiest Ship in the Army, The",1986,134,Comedy|War,Columbia,Drake Laherty,14.931
Josefina Gooders,35,Godzilla vs. King Ghidorah (Gojira vs. Kingu Gidorâ),1976,110,Action|Sci-Fi,Disney,Carolan Hutchcraft,31.121
Andee Needham,67,My Baby's Daddy,1942,119,Comedy,Warner Bros.,Alane Matyukon,23.536
Vail Fewster,6,Ursul,1955,163,Comedy|Drama,MGM,Kaitlin Moorton,15.467
Ward Browne,71,Ursul,1955,163,Comedy|Drama,MGM,Kaitlin Moorton,15.467
Melissa Sheahan,60,Mickey,1962,135,Crime|Drama,Paramount,Angel Wardington,49.003
Sully Delort,65,"Foreign Affair, A (2 Brothers & a Bride)",1946,110,Comedy|Drama|Romance,Columbia,Rock Orwin,39.041
Paxton Fishbourn,35,Last Run,1963,129,Action|Crime|Thriller,Paramount,Melany Taplin,39.159
Tallou Hutchens,64,Out of Bounds,2017,111,Drama,Columbia,Sheryl Maskrey,39.124
Emmery Crocombe,65,Sadie Thompson,2003,132,Drama,Fox,Anallise Ayerst,37.695
Isobel Jerzykiewicz,51,"Human Centipede II (Full Sequence), The",1993,112,Horror,Disney,Avictor Grisley,22.718
Jonell Rackham,68,Pure Luck,1948,149,Comedy|Crime,Fox,Thorny Beggi,23.598
Rosanna Vogl,30,She's So Lovely,1999,131,Drama|Romance,Warner Bros.,Catie Sarre,28.196
Clement Towell,20,Bloody Territories (Kôiki bôryoku: ryuuketsu no shima),2010,119,Action|Crime,Paramount,Charo Duffil,35.593
Jarred Hawkins,28,"Final Cut, The",1945,144,Sci-Fi|Thriller,Paramount,Orland Rand,27.405
Jarrod Rysdale,45,Chapayev,1963,106,Drama|War,Warner Bros.,Shawnee Brinicombe,25.846
Karie Daugherty,33,Legion,2011,124,Action|Fantasy|Horror|Thriller,Paramount,Lorenza Crewe,38.191
Saleem Roberds,64,"Sensation of Sight, The",1990,115,Drama,Columbia,Boycie Tumilson,36.911
Phillie Rickerby,71,Beats Rhymes & Life: The Travels of a Tribe Called Quest,1946,151,Documentary,Warner Bros.,Michele Ramplee,19.097
Dix Yuryaev,10,Against the Dark,1939,88,Action|Horror,Universal,Olivier Robberecht,14.569
Lesley Simion,6,"Postman, The (Postino, Il)",2011,143,Comedy|Drama|Romance,Warner Bros.,Emmanuel Tremmel,24.216
Edvard Classen,59,Eddie Murphy Delirious,1936,88,Comedy|Documentary,Warner Bros.,Stella Summersby,30.789
Mohandas Hegdonne,40,Tripping the Rift: The Movie,1956,144,Animation|Comedy|Sci-Fi,Disney,Shaughn Goscar,24.459
Consolata Selbach,18,Broken Trail,2005,66,Action|Adventure|Crime|Drama|Western,Fox,Lorette Colgan,20.017
Daune Antowski,70,Sherlock Holmes: Terror by Night,1969,116,Crime|Mystery|Thriller,Columbia,Catlee Rannie,41.76
Blondell Pannett,53,Salon Kitty,2013,95,Drama,Columbia,Mattias Dibbs,28.529
Farrand Chudleigh,25,Some Mother's Son,1990,94,Drama,Paramount,Vasily Ripsher,22.248
Isabelle Ebbs,15,Marius,2000,120,Comedy|Drama|Romance,MGM,Mervin Barnwille,38.715
Tana Kerwood,55,"Trial of Billy Jack, The",1935,128,Action|Drama|Musical,Columbia,Anastasia Chessell,29.896
Urbanus Beringer,10,Johnny Apollo,1969,128,Crime|Drama|Film-Noir|Romance,Disney,Hadria Jerisch,12.658
Stillmann Yeaman,66,No Name on the Bullet,1987,91,Western,Paramount,Barton Barker,17.519
Grange Gloyens,70,See No Evil,1942,112,Crime|Drama|Horror|Thriller,Disney,Marice Mathely,35.678
Angela Widger,41,The Periwig-Maker,1977,113,Animation,Paramount,Barb Baldacco,33.812
Kayle Bosomworth,64,Saving General Yang,1981,120,Adventure,Warner Bros.,Eddy Furmenger,23.435
Ambrose Walkinshaw,9,28 Weeks Later,1984,79,Horror|Sci-Fi|Thriller,Disney,Andria Puckrin,28.904
Bobbie Brookes,62,"Dark Hours, The",1952,115,Horror|Thriller,Universal,Currie Freschini,6.386
Cointon Shenfisch,13,Raid on Rommel,2013,103,War,Universal,Xever Gierhard,31.807
Hedwiga Coppin,35,Pretty Sweet,1945,112,Documentary,Fox,Alexei Klampt,29.261
Liana Shearston,73,Blood Out,1972,134,Action,Paramount,Haleigh Fawks,30.912
Annalise Aronovich,23,Operation Daybreak,1993,110,War,Disney,Gale Londsdale,36.722
Ebenezer Tuxsell,54,Goofy Movies Number One,1961,141,Comedy,Warner Bros.,Briggs Kirkland,26.741
Roddie Sheara,41,Ice Soldiers,1949,101,Action|Sci-Fi,Paramount,Jayme Philippart,21.818
Thaine Eady,47,Eastwood on Eastwood,1961,112,Documentary,Disney,Wallache Schooley,36.124
Jori Overil,24,"When I Grow Up, I'll Be a Kangaroo (Kad porastem bicu Kengur)",1997,113,Comedy,Columbia,Carie Golly,43.535
Itch Pickrell,75,Out On A Limb,2015,97,Comedy,Columbia,Marys Rakestraw,35.043
Florance Alchin,36,Werckmeister Harmonies (Werckmeister harmóniák),1982,80,Drama,Paramount,Dulci Besemer,38.994
Clemmy Oen,55,Liliom,1940,98,Drama|Fantasy,Fox,Skipper Paull,22.032
Francesco Beran,55,Pitfall,2007,102,Film-Noir,Universal,Devy Pigden,23.718
Nedda Aiken,64,Requiem for a Heavyweight,1947,98,Drama,Paramount,Kalila Fawley,25.194
Esra McKomb,66,Forest of Bliss,1958,114,Documentary,Paramount,Kiersten Petrus,5.936
Layney Casini,26,"Kingdom, The (Riget)",2006,106,Drama|Horror|Mystery,Warner Bros.,Timmie Sedcole,27.488
Zacharie Torns,9,Ed Wood,1974,160,Comedy|Drama,Warner Bros.,Mitchel Bowstead,36.071
Con Bartoloma,59,Room in Rome (Habitación en Roma),1951,121,Drama|Romance,Warner Bros.,Izaak Roddie,36.731
Stace Niessen,72,Paradise: Faith (Paradies: Glaube),1998,119,Drama,Fox,Maurine Wagerfield,54.449
Myrwyn Buckner,51,Special 26,1972,92,Crime|Drama|Thriller,MGM,Davina Corbet,26.158
Cull Couser,73,Humoresque,1988,151,Drama|Romance,Columbia,Rozalin Barham,34.455
Ofilia Orlton,48,First Snow,2007,95,Drama|Thriller,Paramount,Elyssa Addyman,29.924
Gwenora Dickey,16,Heimat - A Chronicle of Germany (Heimat - Eine deutsche Chronik),1974,98,Drama,Paramount,Brandy Downie,35.375
Heida Spain-Gower,73,Too Many Husbands,1981,116,Comedy|Romance,Columbia,Iseabal Eliaz,27.559
Mallory Gelderd,42,Madigan,1938,87,Crime|Drama,Universal,Grete Story,39.987
Albertine Cartmel,61,Reel Injun,1994,133,Documentary,Columbia,Ettore O'Shesnan,18.689
Orel Sycamore,25,Shadow Kill,1991,121,Drama,Universal,Flo Prydden,27.792
Elliot Duffill,40,"Belles of St. Trinian's, The",1970,143,Comedy,Warner Bros.,Daniele Stern,44.189
Tabbie Diddams,57,Magic & Bird: A Courtship of Rivals,1982,97,Documentary,Paramount,Marge Rump,18.282
Edith Trumper,68,Killer Crocodile,1969,171,Horror,MGM,Shane McParland,39.587
Irving McCarney,35,Eden of the East the Movie I: The King of Eden (Higashi no Eden Gekijoban),1981,125,Action|Animation|Crime|Sci-Fi|Thriller,Paramount,Becky Huburn,41.381
Guglielma Inman,33,Bitter Feast,2016,97,Comedy|Horror|Thriller,Columbia,Gordy Carnow,24.807
Giselle Digance,58,Winnetou: The Last Shot,1938,129,Action|Adventure|Western,Warner Bros.,Branden Dumphrey,37.697
Marney Stair,20,King Kong,1955,139,Action|Adventure|Drama|Fantasy|Thriller,Paramount,Mathilda Gilstoun,44.435
Washington Handrok,51,"Cutting Edge: The Magic of Movie Editing, The",1984,130,Documentary,Universal,Cyb Lack,40.674
Karolina Pude,67,Gangs of Wasseypur,1960,98,Crime|Drama,Warner Bros.,Debra Gallihaulk,13.293
Agretha Dutnall,29,Edison Force (a.k.a. Edison),1975,130,Crime|Drama|Thriller,Fox,Grier Infantino,51.368
Chris Doone,14,Mission to Moscow,1948,133,Drama|War,Paramount,Dyana Clutram,50.14
Tallia Bolley,12,Yesterday Was a Lie,2016,144,Drama|Film-Noir|Mystery|Romance|Sci-Fi,Paramount,Electra Prevost,49.315
Noak Blenkin,19,Relationship Status: It's Complicated,2006,117,Comedy|Romance,Warner Bros.,Theodore Probbing,34.617
Clayson Shelborne,52,Gamera vs. Jiger,1942,123,Action|Fantasy|Sci-Fi,Fox,Jacquelin McGuigan,21.892
Damien Martinez,59,"Great Happiness Space, The: Tale of an Osaka Love Thief",1981,158,Documentary,Universal,Michail Awcoate,21.653
Hynda Grocock,29,Crime on the Highway,1992,143,Comedy|Crime,Warner Bros.,Kelley Bixley,15.515
Mirelle Brezlaw,16,Deep Water,1977,106,Documentary,Universal,Nerty Tuxill,31.164
Modesta Nealon,66,Man of Aran,1971,85,Documentary,Warner Bros.,Nara Touhig,25.505
Adriena Stainson,41,Ice-Cold in Alex,1997,132,Adventure|Drama|War,Paramount,Ruthi Beal,26.808
Ellen Mangeon,17,"Night Strangler, The",2007,136,Crime|Horror|Mystery,MGM,Janella Symson,23.942
Rycca Franckton,63,Send a Bullet (Manda Bala),1976,122,Documentary,Disney,Tadeo Oven,35.437
Keeley Hlavecek,14,Finder's Fee,1999,94,Drama|Thriller,Fox,Zelig Revie,52.214
Dane Versey,36,Live-In Maid (Cama adentro),1998,130,Drama,Universal,Lindsey Goulbourne,31.798
Jan Lapthorne,11,Animal Factory,2013,92,Crime|Drama,Universal,Pren Cullin,25.17
Alexei Bousquet,52,Hitman's Run,1981,105,Action,Paramount,Saree Heinert,13.612
Skipp Dibdale,14,Thin Ice,1935,100,Comedy|Musical|Romance,Fox,Magdaia Noen,40.205
Joshia Lund,15,"50 Worst Movies Ever Made, The",1941,80,Documentary,Universal,Johann Blaxill,25.078
Cordy Vasile,71,Weird Science,1977,140,Comedy|Fantasy|Sci-Fi,Universal,Amabel Husband,40.947
Marline Divell,40,Aqua Teen Hunger Force Colon Movie Film for Theaters,1971,103,Action|Adventure|Animation|Comedy|Fantasy|Mystery|Sci-Fi,Fox,Stan Revely,35.063
Johanna Howse,61,Eastern Promises,1945,128,Crime|Drama|Thriller,Paramount,Sheila Thrussell,27.211
Aluino Winckles,58,Children Shouldn't Play with Dead Things,1942,130,Horror,Universal,Elia Wanjek,25.209
Dyan MacAlister,5,"Barbary Coast Gent (Gold Town) (Honest Thief, The)",1977,98,Comedy|Western,Disney,Todd Leftly,19.213
Kassie Heyward,27,"Coluche, l'histoire d'un mec",1940,111,Drama,Universal,Orin Leasor,29.889
Zacharias Terzi,6,Curly Top,1974,106,Children|Musical|Romance,Disney,Egor Jutson,27.514
Layne Shenley,10,"Room, The",1937,149,Comedy|Drama|Romance,Disney,Sheff Duligall,32.293
Emlyn Fenn,20,"Brown Bunny, The",1938,131,Drama,Warner Bros.,Donnie Lavalle,8.287
Hank Tracey,62,Shadowlands,1984,133,Drama|Romance,Universal,Matthieu L'Amie,34.467
Annamaria O'Leahy,46,Promise of the Flesh (Yukcheui yaksok),1986,93,(no genres listed),Disney,Laurel MacCaffery,27.035
Iosep Asaaf,11,Beautiful People,1937,130,Comedy,Columbia,Nicolas Wintringham,22.824
Louisa Depke,50,Funky Forest: The First Contact,2016,145,Comedy,Universal,Celestia Denley,21.378
Doralynn Rebichon,45,Daddy Day Camp,1947,110,Children|Comedy,Disney,Iggy Ygou,19.701
Rubetta Cowing,49,Return of the Living Dead 3,1997,126,Horror|Romance|Sci-Fi,Fox,Uriah Stranger,29.041
Delcina Roggieri,13,Police Academy 3: Back in Training,1999,141,Comedy|Crime,Disney,Klara Jones,34.261
Tammie Mugleston,13,Spartan,1998,123,Thriller,Disney,Arlen Greatbanks,13.36
Westbrook Lorne,67,Detective Story,1988,134,Crime|Drama|Film-Noir,Fox,Erda Collingwood,31.241
Emlen Penke,30,My Summer of Love,1953,140,Drama|Romance,Paramount,Brinn Sharkey,20.555
Baird Went,53,Jewtopia,1956,162,Comedy|Romance,Fox,Arlette Stallon,24.09
Benny Dahill,16,Murder by Contract,1959,88,Crime|Drama|Film-Noir|Thriller,Universal,Dino Balasin,45.883
Ida Allingham,37,Only Lovers Left Alive,1998,106,Drama|Horror|Romance,Columbia,Emmalynne Hazelby,30.212
Brigida Maddocks,72,Fightville,1981,108,Documentary,Warner Bros.,Edmund Malek,21.048
Ester O'Dowgaine,8,Big Miracle,2012,108,Drama|Romance,Warner Bros.,Cheryl Robertacci,27.458
Ellary Shipton,68,Port of Call (Hamnstad),1958,133,Drama,Disney,Sarajane Tredget,24.633
Ogden Chattock,28,"Private Eyes, The",1957,88,Comedy|Mystery,MGM,Ollie de la Valette Parisot,31.916
Mikkel Ollander,52,None But the Brave,1942,116,Drama|War,Warner Bros.,Jeanette Hamman,25.148
Raychel Blackway,60,Fright Night,1935,154,Comedy|Horror|Thriller,Warner Bros.,Lynette Felstead,21.018
Geoff Bedrosian,5,Pilate and Others (Pilatus und andere - Ein Film für Karfreitag) ,2017,158,Drama,Warner Bros.,Carolann Judd,24.951
Earl Barnsdall,44,A Matador's Mistress,1948,71,Drama|Romance,Warner Bros.,Ebba Shama,34.1
Charlena Thirkettle,47,Big Wednesday,1956,95,Comedy|Drama,Columbia,Chase Gwillyam,32.547
Curran Silverwood,49,Terminal Velocity,1980,136,Action|Mystery|Thriller,Paramount,Livvyy Reddel,37.29
Phineas McGorley,14,"Alien Predator (Mutant II) (Falling, The)",1970,115,Drama|Horror|Sci-Fi,Paramount,Carlo Lafuente,35.157
Bruce Pudner,37,633 Squadron,1977,126,Drama|War,Fox,Carmela Ratnege,31.149
Shepperd Penni,70,71 Fragments of a Chronology of Chance (71 Fragmente einer Chronologie des Zufalls),2015,142,Drama,MGM,Selina Hewell,35.812
Gerianna Bromwich,68,Alligator Eyes,1977,131,Drama|Film-Noir|Mystery,Disney,Paloma Di Domenico,25.598
Nelli Leckenby,72,Not Safe for Work,1959,97,Thriller,Warner Bros.,Corrinne Burston,27.181
Phyllida Silverthorne,6,Jimi Hendrix: Hear My Train A Comin',1989,151,Documentary,Warner Bros.,Hagen Nestle,34.687
Hildagard Glenister,13,God Is Brazilian (Deus É Brasileiro),1993,132,Adventure|Comedy|Fantasy,Universal,Brandice Silvers,42.179
Granger Sweeny,33,Good Dick,1964,128,Comedy|Drama|Romance,Warner Bros.,Sterne Arkcoll,19.595
Orlando Niemiec,56,Paprika (Papurika),1955,153,Animation|Mystery|Sci-Fi,MGM,Kingsly Louedey,20.963
Roland Mullin,61,Gray's Anatomy,1950,103,Comedy|Drama,Paramount,Malinda Pundy,25.957
Davis Trynor,75,Blood on Satan's Claw (a.k.a. Satan's Skin),1997,162,Horror|Thriller,MGM,Lilly Conneau,50.693
Del Gonning,10,Body Heat,2004,145,Crime|Thriller,Columbia,Currie Helian,31.584
Ronica Eglise,64,"Mistress of Spices, The",1967,140,Romance,MGM,Mason Cadwallader,28.107
Inga Slyde,53,"Curse, The (a.k.a. The Farm)",1973,125,Horror|Sci-Fi,Fox,Gwenny Senecaut,20.716
Belicia Bauer,40,"Scarlet Pimpernel, The",1939,138,Adventure|Comedy,Paramount,Gordy Suthren,33.15
Kerby Abramovitz,43,Fear,2017,100,Horror|Thriller,Disney,Kandy Wildey,28.603
Cordell Sandford,21,"Good bye, Lenin!",1974,115,Comedy|Drama,MGM,Sosanna Hritzko,23.604
Raina Ticksall,25,"Gatekeepers, The",1969,144,Documentary,Universal,Sibel Waber,35.184
Ema Dunnan,55,"Fourth Angel, The",1971,104,Action|Drama|Thriller,Disney,Reinhard Roistone,26.462
Olag Petrenko,7,Earth vs. the Spider,1983,134,Horror|Sci-Fi|Thriller,Fox,Bethanne Breckin,38.839
Jeanna Maypes,55,"King of Texas, The",1951,121,Documentary,Paramount,Geordie Jessope,25.261
Eberhard Benka,48,E Aí... Comeu?,1962,125,Comedy,Paramount,Mariann Screen,26.732
Lonee Broadstock,20,"American Carol, An",1953,100,Comedy|Fantasy,Paramount,Rena Brearley,30.704
Laurens Corss,65,State Affairs (Une affaire d'état),2015,111,Thriller,Columbia,Herve Boniface,17.508
Rebeca Towers,68,Eloise at Christmastime,1964,130,Children|Comedy|Drama,Warner Bros.,Wendi Folan,18.165
Anni Kleinhaus,33,City Slacker,2002,96,Romance,Disney,Malvina McCurlye,24.076
Karita Wroe,45,Circus,1992,114,Crime|Drama|Thriller,Fox,Tiff Mundall,24.491
Margaretta McCusker,57,Man in the Wilderness,1959,108,Adventure|Western,Universal,Madeleine Battabee,16.966
Ethyl Butler-Bowdon,27,Terror on a Train (Time Bomb),1941,154,Thriller,MGM,Thornie Brendeke,39.577
Taffy Benedick,17,"Great Flamarion, The",2017,127,Drama|Film-Noir,Fox,Graig Plummer,32.195
Lotte Foad,51,1066,1976,93,Action|Adventure|War,Fox,Mabel Croxon,32.229
Letti Thorn,7,One Good Cop,1986,158,Action|Crime|Drama,Paramount,Forester Nix,36.373
Trista Prestidge,55,Resident Evil: Degeneration (Baiohazâdo: Dijenerêshon),1968,117,Animation|Horror,Columbia,Carr Probat,38.569
Clayborn Yannikov,10,Deep Blue,1951,127,Documentary,Universal,Huntley Sulman,33.907
Nessy Arboin,27,"Castle of Sand, The (Suna no utsuwa)",1999,128,Crime|Mystery|Thriller,Universal,Cherin Middis,17.387
Broddy Joan,6,Passion in the Desert,1941,94,Adventure|Drama,Warner Bros.,Odele Colby,28.669
Basilio Harsum,34,His Kind of Woman,2006,128,Comedy|Crime|Drama|Film-Noir|Thriller,Fox,Janessa Maleney,41.929
Nancee Yakubovics,73,Dark Island,2005,114,Action|Sci-Fi|Thriller,Universal,Pauli Forton,26.248
Gifford Larway,73,Radio,1969,126,Drama,Columbia,Shelton Ixor,37.667
Beverlie Moughtin,29,His Girl Friday,1954,108,Comedy|Romance,Paramount,Kendall Slewcock,22.845
Sergent Franek,6,Mystery Men,1993,88,Action|Comedy|Fantasy,Fox,Lane Bernade,28.027
Eachelle Slograve,67,Biloxi Blues,1986,116,Comedy|Drama,Columbia,Hill Mecchi,44.665
Ronica Lebreton,25,Yellow,1982,142,Comedy|Drama,Warner Bros.,Vincenty Lumsden,38.18
Ronny Gingle,54,Permanent Vacation,1998,116,Drama,MGM,Guinna Bewlie,26.275
Sukey Dodworth,66,"West Point Story, The",1957,159,Comedy|Musical,Warner Bros.,Helene Iwanczyk,19.961
Kass Pablo,21,"Last Dragon, The",1988,98,Action|Comedy|Drama,Universal,Raphael Jakubiak,15.384
Eugine Kingswoode,58,Hell House,1946,134,Documentary,MGM,Xever Boniface,13.695
Georgina Flucker,58,Kummeli Stories,2013,112,Comedy,Universal,Douglas Spurge,35.368
Emelyne Blackboro,50,Camille Claudel 1915,1956,97,Drama,Paramount,Ashby Giblett,39.541
Ema Girardengo,54,Resan Till Melonia,1956,100,Adventure|Animation|Children|Fantasy,Warner Bros.,Maxy Anchor,14.839
Sven Steeples,5,Hallåhallå,1990,119,Comedy,Columbia,Tasia Dagwell,23.07
Alan Newham,35,Yogi Bear,1966,108,Children|Comedy,Disney,Denver Denziloe,20.4
Alfred Stendall,24,Tomboy,1938,123,Drama,Columbia,Tamas Screaton,29.817
Bailie Zelland,42,Bay of Blood (a.k.a. Twitch of the Death Nerve) (Reazione a catena),2013,158,Horror,Universal,Colline Hoolaghan,38.847
Lorenzo Mac Giany,21,"Blood of a Poet, The (Sang d'un poète, Le)",1959,105,Drama|Fantasy,MGM,Jania Menault,32.673
Stewart Tumilson,60,"Road to Hong Kong, The",1969,133,Comedy,Columbia,Anabella Jirusek,35.416
Adrea Bertot,48,Jerry and Tom,1952,148,Comedy|Crime|Drama,Columbia,Cyndi Glading,31.432
Chaddie Alltimes,66,Housefull 2,1956,139,Comedy|Romance,Fox,Jon Cano,31.556
Moina Cock,28,"Pelican, The (Le Pelican)",1953,84,Drama,Paramount,Lavena Bonnaire,29.744
Dido Pettigree,23,Cruel Story of Youth (Seishun zankoku monogatari),2005,132,Drama,Disney,Nita Stutely,29.186
Sheffy Franceschelli,49,Doug's 1st Movie,1961,141,Animation|Children,Universal,Brander Carrell,37.003
Nicol Kidgell,18,Deadly Advice,1969,95,Comedy|Drama,MGM,Farlay Delepine,49.464
Zed Yurchishin,12,Melvin Goes to Dinner,1941,112,Comedy|Drama,Fox,Angelo Tuminini,29.419
Amargo Marron,10,Counsellor at Law,1935,110,Drama,MGM,Keary Veque,39.391
Renell Lequeux,23,Mortuary,1962,140,Horror|Mystery|Thriller,Fox,Patsy Jakovijevic,46.362
Ashien Debney,52,I Am Fishead,2013,118,Documentary,Fox,Petr Brockwell,34.418
Ebenezer Tuxsell,54,I Am Fishead,2013,118,Documentary,Fox,Petr Brockwell,34.418
Vale Freeborne,27,"Collector, The",1957,133,Crime|Horror|Thriller,Universal,Kaycee Hirjak,22.848
Allys Ussher,49,Scorpio Rising,1953,127,(no genres listed),Disney,Vivyanne Haking,37.842
Ethelred Spencers,24,Cousinhood (Primos),1953,133,Comedy,Columbia,Batsheva Borit,31.07
Merlina Basnett,15,All of Me,1985,132,Comedy|Fantasy,Warner Bros.,Manda Wiggington,36.548
Elenore Biggerdike,14,And You Thought Your Parents Were Weird,1997,90,Children|Comedy|Sci-Fi,Warner Bros.,Berkeley Ahrend,47.311
Ajay Kunzelmann,45,Camelot,1952,119,Drama|Musical|Romance,Disney,Zachary Empleton,40.356
Elwyn Jarville,35,Shooting Dogs (a.k.a. Beyond the Gates),2006,132,Documentary|Drama|War,Columbia,Napoleon Whybrow,39.297
Bren Wabersich,67,The Fourth War,1959,135,Drama|Thriller,Paramount,Erica Pressdee,18.979
Deonne Muncey,6,Steak,1946,116,Comedy,Disney,Giffie Luckings,42.628
Evey Girk,35,Even Angels Eat Beans,1941,72,Action|Comedy|Crime,Disney,Celia Morston,45.472
Ashien Hasluck,63,Deep End,1957,152,Comedy|Drama|Romance,Paramount,Rudy Kitchenside,11.644
Scot Chavrin,43,Afstiros katallilo,1943,130,Comedy,Warner Bros.,Bil Barukh,34.781
Mandi Lowensohn,12,"Wizard of Oz, The",1984,112,Adventure|Children|Fantasy|Musical,Warner Bros.,Luca Mc-Kerley,24.875
Hilary Musso,7,"Boys from Brazil, The",2015,135,Action|Mystery|Thriller,Columbia,Nariko Severy,28.843
Nisse Heineken,9,"Swan and the Wanderer, The (Kulkuri ja joutsen)",2002,117,Drama,Warner Bros.,Balduin Abbado,23.666
Alejoa Surmeir,67,Imaginary Crimes,1941,149,Drama,Universal,Drucie Treffry,23.664
Raphaela Varlow,10,"Brood, The",1988,113,Horror,Columbia,Anastasia Dreier,8.412
Cristen Glendining,9,"Trou, Le (Hole, The) (Night Watch, The)",1974,109,Crime|Film-Noir,Paramount,Dante Hickisson,25.644
Domenico Barrim,69,"Mysterious X, The (Sealed Orders) (Det hemmelighedsfulde X)",1990,80,Drama|War,Universal,Ky Vearncomb,23.318
Brandyn McSpirron,45,I Married a Witch,2008,126,Comedy|Fantasy|Romance,Warner Bros.,Noella Barnewille,23.697
Lara Guarnier,41,"Steel Helmet, The",1974,129,Action|Drama|War,Disney,Tann Valentetti,22.563
Dionysus Willman,75,Zatoichi and the Fugitives (Zatôichi hatashi-jô) (Zatôichi 18),1979,125,Action|Adventure|Drama,Columbia,Annetta Inett,31.824
Colette Schaben,29,Bloodbrothers,1994,161,Drama,Warner Bros.,Corliss Constanza,30.62
Billi Robus,35,The Russian Novel,1962,111,Drama,Universal,Laurice Dineen,46.504
Tracie McGifford,66,Murder!,1952,125,Mystery|Thriller,Universal,Bobbie Zorer,34.837
Tito Benn,47,"Lathe of Heaven, The",2016,140,Sci-Fi,Columbia,Druci Gillfillan,20.229
Gae Gras,17,Robot Monster,1970,106,Horror|Sci-Fi,Columbia,Marleen Huguet,39.429
Bertha Negus,53,Emma,1958,123,Comedy|Drama|Romance,Warner Bros.,Doreen Fallow,44.5
Tamqrah Audus,49,Robin Hood,2000,97,Action|Drama,Paramount,Verge Kertess,20.632
Tilda Barkhouse,26,Dom Hemingway,1950,124,Comedy|Crime|Drama,Columbia,Dorella Bru,37.647
Anthia Lowless,40,Riding Alone for Thousands of Miles (Qian li zou dan qi),1950,125,Drama,MGM,Shaun Arnott,38.92
Read Salasar,70,Elia Kazan: A Director's Journey,1991,82,Documentary,Disney,Bryn Sill,24.48
Sherilyn Dykins,13,"House of Rothschild, The",1985,110,Drama|War,Paramount,Maury Waliszek,27.038
Cherie Merigeau,54,"Life of Jesus, The (La vie de Jésus)",1977,100,Drama,Warner Bros.,Christina Emanson,37.962
Viv Plante,25,"Europeans, The",1993,109,Drama|Romance,Warner Bros.,Cherry Cohen,45.535
Lanie Arrington,13,Incident at Oglala,1983,134,Documentary,Disney,Helena Dumke,37.958
Dario Dadge,60,Death Before Dishonor,1959,107,Action|Drama,MGM,Laure Sibthorpe,24.489
Felicia Gives,60,Godzilla Against MechaGodzilla (Gojira tai Mekagojira),1958,141,Action|Sci-Fi|Thriller,Universal,Edan Girault,19.761
Elsi Haxby,21,"Perfect Family, The",1963,129,Comedy|Drama,Fox,Bendite McColm,20.445
Filberte Amber,38,"Beaver, The",1952,134,Drama,Paramount,Cynthie Ramel,34.72
Karlotta Scarce,12,Lady in the Lake,1995,134,Crime|Drama|Film-Noir|Mystery|Romance,Fox,Zachariah Strattan,26.572
Veronike Kingsnod,19,Louis C.K.: Chewed Up,1992,108,Comedy,Disney,Hollis Howsden,36.886
Margalit Parmer,71,"Devil, Probably, The (Diable probablement, Le)",1979,105,Crime|Drama,Disney,Emanuel Caw,40.973
Forrest Elsip,64,Unforgiven,1965,115,Drama|Western,Fox,Xever Tripet,43.724
Randa Falloon,7,Vincere,1986,117,Drama|Romance,Warner Bros.,Tymon Trusler,33.433
Dareen Lening,68,Killing Us Softly 4: Advertising's Image of Women,1970,135,Documentary,Warner Bros.,Gianina Swiffan,32.028
Francesco Tulip,13,"Lottery, The",1937,120,Documentary|Drama,MGM,Nigel Brackstone,29.483
Jarrid Mapis,24,Dischord,2014,117,Drama|Thriller,Warner Bros.,Dorothea Bowton,33.162
Hagan Turfitt,7,"Missing Star, The (La stella che non c'è)",2014,139,Drama,Universal,Silas Dorrell,19.111
Kenneth Greatbank,14,"Groundstar Conspiracy, The",1945,121,Action|Crime|Mystery|Romance|Sci-Fi|Thriller,Disney,Brant Fehner,29.284
Ambrose Billam,55,Murder by Death,1935,131,Comedy|Crime|Mystery|Thriller,Universal,Bailie de Keep,0.5
Demott Kyston,69,Baby's Day Out,1947,136,Comedy,MGM,Kimberlyn Galland,28.592
Shayne Girodier,68,"Middle of the World, The (O Caminho das Nuvens)",1994,119,Drama,Columbia,Margarethe Caddell,31.615
Cara Brammall,72,The Circle,1971,129,Documentary|Drama,MGM,Sheba MacNucator,37.667
Diann Dauber,31,"Embalmer, The (Imbalsamatore, L')",1955,117,Drama,Columbia,Vern Case,21.48
Jamie Flaxon,70,Dragon Ball Z: Cooler's Revenge (Doragon bôru Z 5: Tobikkiri no saikyô tai saikyô),1945,111,Action|Adventure|Animation,Paramount,Clemence Ivashinnikov,48.768
Dionisio Snalham,36,"Fuck You, Goethe (Fack Ju Göhte)",1948,125,Comedy,MGM,Carolan McNabb,21.108
Christye Spragge,45,Enemy of the State,1991,80,Action|Thriller,Disney,Ulrike Bricksey,30.873
Sibylle Castano,47,Below the Belt,1940,128,Action|Comedy|Drama,MGM,Dagny Sarle,42.602
Ross Madison,33,"Holcroft Covenant, The",2008,114,Drama|Thriller,Columbia,Monica Garfitt,36.695
Huntington Fenby,28,Butterfield 8,1936,162,Drama,Fox,Lucine Papps,27.264
Jacenta Wapples,46,Kid Cannabis,1972,112,Drama,MGM,Rand Crush,27.044
Yale Love,38,Dreams (Kvinnodröm),1999,90,Drama,Fox,Glory Dinkin,24.776
Rania Bertson,31,Happiness (Schastye),1938,96,Comedy|Drama,Universal,Jasper Westwood,25.042
Pauletta Osanne,56,Great Directors,1988,111,Documentary,Fox,Hanna Salvidge,46.342
Phillis Hartegan,25,Three Brave Men,2002,125,Drama,Fox,Niven Jerger,19.849
Goraud Swindon,41,Stone Cold,1967,102,Action|Crime,Paramount,Dede Stiling,31.309
Cathy Adriaens,7,"To Have, or Not (En avoir (ou pas))",1999,151,Drama,Disney,Fields Andriessen,29.092
Benedick Stockow,30,Iron Maiden: Flight 666,1963,113,Documentary,MGM,Ortensia Jaggar,48.557
Donetta Maffulli,58,Moloch (Molokh),1989,88,Drama,Paramount,Ariana McQuarrie,37.202
Deerdre Asprey,37,Citizen X,1950,134,Crime|Drama|Thriller,Disney,Nanni Selkirk,37.286
Lawrence Mindenhall,53,Nayak: The Hero,1990,110,Drama,MGM,Laird Gately,37.378
Gayle Moyles,36,Cause for Alarm!,1981,118,Crime|Drama|Film-Noir|Thriller,Universal,Clerkclaude Frankish,27.019
Beverie Rosborough,46,35 and Ticking,1943,117,Romance,Disney,Cris Huggill,37.806
Costa Preator,42,Interrupted Melody,2014,143,Drama|Musical,Fox,Ginevra Kerins,52.262
Nancy Barrim,52,Silja - nuorena nukkunut,1962,143,Drama|Romance,Warner Bros.,Doreen Elmhirst,11.374
Nina Constable,7,The Green,1971,153,Drama,Disney,Morena Plank,12.632
Kristine Machel,32,Gone in 60 Seconds,1991,128,Action|Crime,Fox,Maggi Albinson,30.131
Nial Clampe,12,Kapò,1978,144,Drama|War,Disney,Alford Robillard,22.374
Benny Shepstone,64,Triumph of the Spirit,1985,142,Drama,Columbia,Patin Dziwisz,33.403
Judith Overpool,45,Love Exposure,1997,128,Action|Comedy|Drama|Romance,Paramount,Abra MacTeague,37.745
Carey Pinn,23,Skylark,1951,116,Comedy|Romance,Universal,Harp Rickardes,12.507
Kelvin Bowling,32,Butcher Boys (Bone Boys),1977,84,Action|Comedy|Horror|Thriller,Fox,Aubry Woollam,23.951
Flss Kynson,6,Seven Pounds,1957,121,Drama,Universal,Briney De la croix,33.059
Humfrid Cromie,65,"Hills Have Eyes II, The",1943,107,Horror|Thriller,MGM,Fina Zucker,24.632
Forbes Audus,26,Money for Nothing,1983,121,Comedy|Crime,Paramount,Allin Ratray,25.591
Cristen Ness,51,1990: The Bronx Warriors (1990: I guerrieri del Bronx),1988,100,Action|Sci-Fi,Warner Bros.,Fredek Comazzo,17.46
Violetta Palluschek,42,Aces 'N' Eights,1963,112,Action|Adventure|Drama|Romance|Western,MGM,Bobbie Bentz,30.679
Korrie Comsty,67,Cradle 2 the Grave,1982,118,Action|Crime|Drama|Thriller,Fox,Felipe Attersoll,25.554
Mariquilla MacDermott,18,Canciones de amor en Lolita's Club,1954,139,Drama,Universal,Cornelius Calley,35.075
Domenico Meake,67,Rånarna,1967,103,Action|Crime|Thriller,Paramount,Florance Tutchener,21.997
Idalina Jackett,39,Super Mario Bros.,2012,113,Action|Adventure|Children|Comedy|Fantasy|Sci-Fi,Fox,Inessa Cargenven,28.238
Garey Rigeby,60,"Bekännelsen (Confession, The)",1997,116,Thriller,Universal,Rollins Ashby,33.192
Mildrid Frend,43,"Vernon, Florida",2006,104,Documentary,Columbia,Dolorita Arnaudet,39.166
Dinnie Dodshun,66,Once Upon a Time in Anatolia (Bir zamanlar Anadolu'da),1945,130,Drama,Columbia,Susanne Ditchett,30.458
Rasla Silwood,49,6954 Kilometriä Kotiin,1975,104,Documentary,Warner Bros.,Filippa Stewart,28.012
Gwen Southers,5,Blue Jasmine,1988,118,Drama,Warner Bros.,Harwilll Brownsmith,30.337
Marcia Purdey,55,Dinner for One (Der 90. Geburtstag oder Dinner for One),1995,91,Comedy,Disney,Janeta Lampke,28.129
Petunia Meddemmen,61,Interstellar,1947,117,Sci-Fi|IMAX,Paramount,Rutger Vatini,25.242
Suzette Chittey,45,Mad Love (Juana la Loca),2001,109,Drama,Paramount,Grady Titterton,38.55
Imelda Churchley,70,"Night Listener, The",1986,188,Fantasy|Mystery|Thriller,Universal,Daven Chalfont,25.047
Penelopa Gilbane,27,There's Always Tomorrow,1993,125,Drama,MGM,Duff Leworthy,38.276
Butch Thurske,23,On the Beach,1982,119,Drama|Sci-Fi,Fox,Mignonne Bramont,44.347
Lynnette Scrannage,72,"Odd Life of Timothy Green, The",1938,115,Comedy|Drama|Fantasy,Universal,Emmott Kegan,18.715
Inga Beese,48,Hannibal Rising,1960,110,Drama|Horror|Thriller,Columbia,Annalee Collip,41.583
Ignacius Riepel,37,"Reluctant Dragon, The",1959,145,Animation|Comedy,Paramount,Sindee L'Hommeau,33.367
Riordan Berr,73,"Silent Night, Deadly Night Part 2",2007,149,Comedy|Horror,Disney,Agretha Tenbrug,13.839
Kelly Hazeltine,7,Cruel Intentions,2012,101,Drama,MGM,Modestia Bartoloma,19.237
Frayda Simoes,74,Drive Angry,1942,123,Action|Fantasy|Thriller,Paramount,Jeremie Fardo,45.56
Silvano Torrent,25,Last Passenger,2013,90,Action|Mystery|Thriller,Universal,Caprice Pallaske,29.098
Pasquale Kirgan,48,"Ivan the Terrible, Part One (Ivan Groznyy I)",1951,151,Drama,Warner Bros.,Mandie Lezemere,25.292
Rhodie MacKeogh,13,Countdown,1949,118,Sci-Fi|Thriller,Universal,Armin Neale,34.669
Rebbecca Hutchason,6,Heart of Midnight,1940,96,Drama|Horror|Thriller,Warner Bros.,Dar Misselbrook,39.971
Stanislaus Danniel,39,Schmatta: Rags to Riches to Rags,1938,130,Documentary,MGM,Zebedee Revey,29.119
Hollyanne Shawel,18,"Oslo, August 31st (Oslo, 31. august)",1967,113,Drama,MGM,Broddy Coot,33.592
Drusy Elegood,56,Cleaner,1975,130,Crime|Thriller,Columbia,Bartie Cooke,37.473
Cobby Franscioni,67,The Wrecking Crew,1962,86,Documentary,Disney,Veronike Ciciura,30.084
Aigneis McReynolds,11,Winnie the Pooh and Tigger Too,1939,143,Animation|Children,Warner Bros.,Conny Larcier,29.272
Arnold Drewitt,38,"Protector, The (a.k.a. Warrior King) (Tom yum goong)",1943,144,Action|Comedy|Crime|Thriller,Warner Bros.,Gibby Huxley,37.582
Truman Palfery,27,Digimon: The Movie,2012,122,Adventure|Animation|Children,Warner Bros.,Jacklyn Bendley,27.448
Wallace Zink,36,At Middleton,2014,103,Comedy|Romance,Universal,Alyce Dumphries,35.1
Fairleigh Marchiso,21,Old School,1957,127,Comedy,Universal,Sheree Bosworth,17.325
Mord Fruin,40,Four Ways Out,1979,114,Crime|Drama,Universal,Novelia Berka,28.851
Merell Bredes,22,King of Hearts,2002,87,Comedy|Drama|War,Fox,Ly Lockitt,34.489
Geneva Thebe,52,36 Quai des Orfèvres (Department 36),1962,135,Action|Crime|Drama|Thriller,Warner Bros.,Dario Byrd,36.631
Reina Bank,17,Richard Pryor Here and Now,2007,127,Comedy|Documentary,MGM,Hashim MacGruer,28.815
Marnia Doumerque,26,Johnny Handsome,1948,112,Crime|Drama,Disney,Coralyn Grady,36.171
Clarke Woakes,41,Copenhagen,1975,109,Adventure|Drama|Romance,Warner Bros.,Corbin Camamill,28.065
Lauri Lightning,45,Zero Hour!,2008,133,Drama|Thriller,Columbia,Lani Prandin,28.048
Sergio Bukac,30,The Incident,1988,78,Crime|Drama,MGM,Garrek Plowright,29.495
Marcile Dauncey,63,Michael the Brave (Mihai Viteazul),1941,122,Action|Drama,Disney,Gian Fishpool,12.989
Tomlin Essam,45,96 Minutes ,2015,123,Drama|Thriller,Fox,Marleah Jee,48.935
Nadine Barca,20,Crime and Punishment in Suburbia,1968,101,Comedy|Drama,Warner Bros.,Marshal Nesbeth,41.96
Stephanus Hearmon,59,"Egyptian, The",2012,89,Drama,Warner Bros.,Chiarra Andor,31.296
Saidee Kreuzer,67,"Art of War II: Betrayal, The",1939,146,Action|Thriller,Columbia,Siffre Drynan,41.703
Mycah Scay,73,"Master, The",1951,89,Action,Fox,Kerr Belleny,40.177
Donn Balducci,33,Don,1960,112,Action|Crime|Musical,Warner Bros.,Daryl Abernethy,34.683
Ade Sweatman,21,"Five People You Meet in Heaven, The",2004,145,Drama|Fantasy,Fox,Xerxes Cadge,39.167
Mellie Really,48,Landet som icke är,1945,116,Drama,Disney,Kirsti Voller,41.167
Rene Sigward,57,Shrink,1993,113,Drama,Columbia,Cirillo MacAiline,17.682
Jessa Adamthwaite,35,"Time Masters (Maîtres du temps, Les)",1985,70,Animation|Sci-Fi,Universal,Donnamarie Fossey,35.984
Veriee McAlroy,5,"Cigarette Girl of Mosselprom, The (Papirosnitsa ot Mosselproma)",1950,121,Comedy|Romance,Fox,Stevena Beaudry,27.725
Fitzgerald Tethacot,36,33 Postcards,2016,107,Drama,MGM,Lorraine Garoghan,27.406
Aleta Noore,49,"Friend Among Strangers, Stranger Among Friends (Svoy sredi chuzhikh, chuzhoy sredi svoikh)",1977,117,Action|War|Western,MGM,Christoforo MacCarroll,34.534
Shara Greensitt,50,Convoy,2012,80,Action|Comedy|Drama,Warner Bros.,Cathi Woodier,24.701
Drusilla Edel,48,Mortel transfert,1958,150,Comedy|Crime|Thriller,MGM,Leonie Dumbleton,31.547
Jermaine Brockway,7,"Debt, The",1942,125,Drama|Thriller,Columbia,Inigo Muldowney,40.161
Cordelia Bazely,16,"Bugs Bunny / Road Runner Movie, The (a.k.a. The Great American Chase)",1977,161,Animation|Children|Comedy,Universal,Wynn Constantinou,38.792
Seumas Rhyme,37,Love & Savagery,1942,134,Drama|Romance,MGM,Tommi Polamontayne,33.068
Raphael Sainter,52,Beyond the Forest,1988,119,Drama|Film-Noir|Thriller,Disney,Kristien Crisell,24.709
Karla Meier,62,Emperor of the North (Emperor of the North Pole),1979,115,Action|Drama|Thriller,Fox,Sheffy Giorgi,42.852
Debor Raubenheimers,14,Tombstone,1950,100,Action|Drama|Western,Paramount,Tallia Lovelace,23.29
Bran Castaner,51,"Look of Silence, The",1949,97,Documentary,Disney,Karoly Dalby,20.173
Franny Titcombe,30,We're Not Married!,1940,122,Comedy|Romance,Columbia,Dalli Grubb,49.428
Arie O'Duane,68,"Revenant, The",1971,154,Comedy|Horror,Warner Bros.,Ronnie Egdal,23.075
Rip Saurat,55,23 (23 - Nichts ist so wie es scheint),1994,107,Drama|Thriller,MGM,Maxy Wyre,10.7
Teddy Dibb,73,Terribly Happy (Frygtelig lykkelig),1973,98,Crime|Drama|Film-Noir|Thriller,Warner Bros.,Ahmed Ruddiforth,44.093
Francyne Francecione,40,Experiment in Terror,1973,97,Crime|Thriller,Universal,Alexia Fowden,20.36
Rasia Madner,73,Ricky Gervais: Out of England - The Stand-Up Special,1944,125,Comedy,Columbia,Berkly Thatcher,25.005
Berkley Twigg,60,Deep Cover,1979,89,Action|Crime|Thriller,Paramount,Dewie Crewe,41.193
Livvy Crickmoor,30,Paparazzi,2001,147,Drama|Thriller,Disney,Cayla Pioli,31.538
Waly Stapele,42,Emperor of the North (Emperor of the North Pole),1985,125,Action|Drama|Thriller,Warner Bros.,Bobbi Dosdill,27.683
Cherey Vanichev,36,Trick or Treat,1946,119,Animation,Universal,Ashil Wooland,56.974
Zenia Ascroft,10,The Arrival of Wang,2016,118,Mystery|Sci-Fi|Thriller,Fox,Maude Davidai,41.301
Sutherland Ennion,31,"Lawless Heart, The",2009,94,Comedy|Drama,Columbia,Renie Doxey,10.395
Devonne Stopford,71,"Organizer, The (I compagni)",2017,103,Crime|Drama,Paramount,Cora Gloves,18.355
Muffin Hitchens,69,Godard's Passion (Passion),1962,97,Drama,Universal,Krystal Wederell,37.54
Lynett Tamburo,70,"Deal, The",1966,128,Drama,Fox,Kienan Hirschmann,35.577
Joly Bend,51,Stone Cold,1991,97,Action|Crime,Columbia,Anica Mixture,47.04
Everett Gooday,11,Death Before Dishonor,1961,123,Action|Drama,Universal,Dee Buglass,32.626
Nan Westraw,43,A Cinderella Story: Once Upon a Song,1966,122,Children|Comedy|Romance,Disney,Mylo Dominik,26.453
Bobinette Cadore,28,Compulsion,1980,136,Crime|Drama|Thriller,Disney,Rowland Ferencowicz,26.676
Dan Culcheth,62,Night of the Comet,1990,74,Comedy|Horror|Sci-Fi,Columbia,Margie Masdon,22.446
L;urette Cousins,33,In This World,1996,122,Adventure|Drama,Columbia,Lindsy Kaufman,35.121
Cathrin Housden,52,Paris Blues,1988,113,Drama|Romance,Columbia,Renaldo Briand,31.554
Gerladina Winder,40,"Pursuit of D.B. Cooper, The (a.k.a. Pursuit)",1970,131,Adventure,Fox,Hyacinthia Broxton,40.593
Sascha Bolton,23,Sunrise at Campobello,2004,129,Drama,Fox,Hillyer Paur,30.056
Miguel MacPaik,48,Barney's Version,2011,138,Drama,Fox,Hector Burbridge,46.191
Roda Biddle,7,"Million to Juan, A",1972,92,Comedy,Disney,Idalina de Courcy,34.958
Sully Screeton,24,Run Lola Run (Lola rennt),1977,122,Action|Crime,Disney,Keene Vial,19.886
Meredeth Denk,40,Hour of the Gun,1944,139,Western,MGM,Kerrin Inker,29.972
Vernon Manshaw,34,"Yor, the Hunter from the Future",2016,130,Sci-Fi,Universal,Muffin Fairlie,11.941
Rouvin Pickering,28,"Last Kiss, The (Ultimo bacio, L')",1947,76,Comedy|Drama|Romance,Universal,Timothee Constable,23.453
Billi Robus,35,Hits,1986,128,(no genres listed),Fox,Jessica Screeton,34.896
Gilbert Drew-Clifton,18,"Suit for Wedding, A (a.k.a. The Wedding Suit) (Lebassi Baraye Arossi)",1936,100,Drama,Paramount,Lucille Midgely,46.33
Lucas Boggon,25,"Black Magic Rites & the Secret Orgies of the 14th Century (Riti, magie nere e segrete orge nel trecento...)",1953,99,Horror,Paramount,Stearne Stirrup,39.222
Bryn Rash,38,Hits,1986,128,(no genres listed),Fox,Jessica Screeton,34.896
Lauretta Langeren,40,Pump Up the Volume,1969,138,Comedy|Drama,MGM,Sammie Brash,12.497
Lesli Domel,66,"Man in the Glass Booth, The",1941,102,Drama,Disney,Sadye Gowanson,31.266
Vernon Dooler,46,Midnight Dancers (Sibak),1947,109,Comedy|Drama,Fox,Helli Pavolini,23.575
Mora Durante,49,Heima,2004,118,Documentary,Columbia,Rahal Broy,28.173
Tanner Minker,62,Blackbeard's Ghost,1973,85,Children|Comedy,Columbia,Myles Varley,23.398
Kathie McLaine,49,"Perfect Man, A",2000,130,Drama,Fox,Guillemette Butterwick,37.301
Enid Danielsohn,38,Walk Hard: The Dewey Cox Story,1979,110,Comedy|Musical,Paramount,Akim Vellacott,18.768
Claybourne Sivess,72,Indecent Proposal,1950,162,Drama|Romance,Disney,Edgard Jolin,50.212
Jesselyn Cumberpatch,20,Werner - Das muss kesseln!!!,1997,110,Animation|Comedy,Paramount,Andrei Vandrill,34.554
Boycey Jillis,23,"Horrible Way to Die, A ",2006,88,Horror|Thriller,Disney,Kev Jezard,11.012
Aile Saddington,57,I Don't Know How She Does It,1981,125,Comedy,Universal,Amii Cline,19.846
Gloriana Kimbury,72,Battle of the Warriors,1946,141,Action|Drama|War,MGM,Rudie Fitzsimmons,17.779
Terrill Chidler,12,Married to It,2007,117,Comedy|Drama,Disney,Lauraine Routledge,44.625
Harvey Vardie,26,Extracted,1997,89,Drama|Sci-Fi,Paramount,Louisa Lebreton,18.632
Barri Meiklejohn,43,Paradise,1988,133,Romance,Universal,Terence Davis,51.105
Julianna Younglove,60,Charlie Countryman,1980,91,Action|Comedy|Romance,Paramount,Sella Huckell,27.554
Leela Tregenna,42,"Trigger Effect, The",2002,126,Drama|Thriller,Paramount,Ciro Bedell,16.842
Val Speakman,15,"Business of Fancydancing, The",1969,101,Drama,Fox,Barby Sare,33.026
Salli Brimblecomb,36,Bickford Shmeckler's Cool Ideas,1957,144,Comedy|Romance,Warner Bros.,Teresita Sommerland,33.232
Margaux Coldbreath,58,In the Valley of Elah,1981,109,Drama|Mystery,Universal,Margarette Godmer,25.131
Twyla Moorton,70,"God is Great, I'm Not (Dieu est grand, je suis toute petite)",1981,130,Comedy|Romance,Columbia,Niles Yockley,38.004
Darelle Lunge,73,Don't Tempt Me (Sin noticias de Dios),1955,111,Comedy|Fantasy|Mystery,MGM,Nalani Siman,25.709
Shani Baudts,26,Mrs. Soffel,1970,125,Drama|Romance,Warner Bros.,Asia Prattin,40.83
Halli Dedden,67,The Opposite Sex,2014,125,Comedy|Drama|Romance,Paramount,Kathryne Trolley,20.648
Syd Salla,71,Gambit,2014,100,Comedy|Crime,MGM,Rebekah Brandts,40.21
Lorant Kapelhoff,7,Sex and Breakfast,1995,123,Comedy|Drama|Romance,Warner Bros.,Gale Gullane,22.9
Jerome Pickthall,33,Revenge of the Nerds III: The Next Generation,1942,154,Comedy,Fox,Nedda Harteley,38.348
Marcus Gomer,73,Great World of Sound,1953,151,Comedy,Disney,Andie Gallemore,49.302
Candy Dufour,21,Chained,1964,130,Horror|Thriller,Warner Bros.,Vinni Pearmine,17.712
Sigvard Manger,31,Bring It On,1939,110,Comedy,Fox,Clayson Broseke,13.589
Bernardina Bowerman,59,"Indian in the Cupboard, The",2010,106,Adventure|Children|Fantasy,Disney,Grata Dabney,23.431
Dino Silkstone,39,"Spanish Apartment, The (L'auberge espagnole)",1953,154,Comedy|Drama|Romance,Paramount,Paule Dowell,32.955
Frazier Maidstone,74,Inhale,1941,115,Drama|Thriller,MGM,Saudra Grutchfield,28.258
Emmalyn Humbey,53,Ween Live in Chicago,2005,96,Documentary,Disney,Lem Ceney,35.606
Merrie Shobbrook,67,Blitz,1971,145,Action|Crime|Thriller,Universal,Eyde Micklewicz,34.807
Anne-corinne Cornewell,63,Such Is Life (Así es la vida...),2008,112,Drama|Romance,Warner Bros.,Beltran Konzelmann,19.12
Garvin Alcott,12,Odd Couple (Bo ming chan dao duo ming qiang) (Eternal Conflict),1988,100,Action|Adventure,Columbia,Izzy Pelzer,30.257
Ray Chateau,52,Care Bears Movie II: A New Generation,1975,145,Animation|Children,Fox,Tessa Ecclestone,29.8
Pansie End,58,Crooklyn,1990,122,Comedy|Drama,Universal,Lindsey Ashburner,33.36
Rosina Street,67,Average Italian,1952,110,Comedy,MGM,Stephine Bladder,38.014
Winfred Korneichuk,70,Dinosaurus!,1936,145,Adventure|Comedy,Fox,Joyce Dibben,21.543
Emmeline Briars,9,Frankenstein Conquers the World,2017,129,Action|Drama|Sci-Fi,Disney,Silvan Janicijevic,5.043
Lory Milnes,7,Gurren Lagann: Childhood's End (Gekijô ban Tengen toppa guren ragan: Guren hen),1995,154,Adventure|Animation|Drama|Sci-Fi|War,MGM,Ferdie Annetts,43.827
Rodi Frankton,13,King of the Hill,1997,148,Drama,Disney,Chan Flaubert,21.886
Ricoriki Kenforth,38,"Proud Valley, The",2015,161,Drama,Disney,Shell Purselowe,34.27
Riley McGlue,6,The Sky Dragon,1983,119,Adventure|Comedy|Crime|Mystery|Thriller,MGM,Zarla McCraine,21.297
Gareth Barnwille,61,Dodsworth,2003,96,Drama|Romance,Fox,Ardelis McQuilty,40.033
Lynnelle Rainger,11,12:01 PM,1936,93,Sci-Fi,MGM,Marney Vesco,30.158
Kean Yarnall,21,Elysium,1985,95,Action|Drama|Sci-Fi|IMAX,Paramount,Kris Piddick,18.598
Row Tiplady,67,"Soviet Story, The",1961,92,Documentary,Fox,Angelle Littleton,27.567
Osborn Steuart,36,Greenwich Village: Music That Defined a Generation ,1955,143,Documentary,Warner Bros.,Lanita Frankel,46.234
Fernande Lawrinson,17,Golden Gate,1956,95,Drama,Disney,Linell McLevie,24.24
Elfrida Maggi,33,Woochi: The Demon Slayer,1977,97,Action|Comedy|Fantasy,Columbia,Brittni Brunelli,27.625
Alejandrina Graber,54,The Loft,1987,109,Thriller,Disney,Jesselyn Brelsford,30.749
Minda Karlsson,14,Tough Guys Don't Dance,1973,129,Drama,MGM,Elonore Shapira,30.743
Matilde Callinan,11,"Front Page, The",1983,130,Comedy|Drama|Romance,Paramount,Adele Oldrey,26.27
Tasia Rolinson,36,That's Black Entertainment,2002,125,Documentary,Universal,Budd Pentelo,35.314
Kayla Wixey,13,Runaway,1996,117,Sci-Fi|Thriller,Fox,Leonelle McDermott-Row,16.285
Anthe Boyat,46,"Golden Christmas 3, A",2014,119,Children|Comedy|Romance,Paramount,Glenn Mapholm,20.888
Loree Galpen,37,"Pit and the Pendulum, The",1971,65,Horror,MGM,Innis Mathiassen,25.27
Farah Biswell,53,"Terrorizers, The (Kong bu fen zi)",1981,93,Drama,Paramount,Niel Carme,20.56
Floyd Bresson,51,"Lawless Street, A (Marshal of Medicine Bend)",1939,142,Western,MGM,Alisander Dunsleve,43.032
Dulcia Howes,34,Anatomy of a Murder,2013,106,Drama|Mystery,Universal,Jordan Buttress,40.44
Torrie De'Ath,45,Elephant,1965,103,Drama,Warner Bros.,Bradan Faragan,38.056
Jody Luddy,11,Doctor Detroit,1956,130,Comedy,MGM,Geri Simecek,7.603
Raynell McGee,6,Do You Wanna Know a Secret?,2007,110,Horror|Mystery|Thriller,Paramount,Bambi Ounsworth,34.712
Becky Wimlet,45,The Interview,1935,106,Action|Comedy,Universal,Wilone Locker,38.311
Cornelle McOwen,50,"Pyx, The",1982,153,Crime|Horror|Thriller,Disney,Gard Lenz,50.324
Durand Cleft,54,Guns of the Magnificent Seven,1966,115,Action|Adventure|Drama|Western,Paramount,Gal Maytom,35.138
Huntington Lauchlan,67,Bloodfist,1959,145,Action,Columbia,Faith Wogden,27.068
Eb Grenshields,17,"Unknown Woman, The (La Sconosciuta)",1942,120,Drama|Mystery|Thriller,Columbia,Justina Rutland,43.283
Egor Fowlie,44,Resident Evil: Retribution,1943,106,Action|Horror|Sci-Fi|IMAX,MGM,Timothea Gegay,29.266
Rochester Torvey,36,"Carpetbaggers, The",2007,169,Drama,Columbia,Melania Nortunen,32.541
Bessy Sevior,6,Jesse Stone: Death in Paradise,1969,129,Crime|Drama|Mystery,Fox,Sammy Ferrarone,10.501
Meggy Sunner,52,Charlie Chan at the Olympics,1966,116,Comedy|Crime|Mystery|Thriller,Fox,Arney Kloster,29.463
Bryon Belleny,66,Duets,2009,87,Comedy|Drama,MGM,Pandora Pinnocke,46.29
Camey Burghill,8,"Dead Pit, The",2007,145,Horror,Paramount,Orbadiah Sabberton,35.858
Salome MacCostigan,13,Samson and Delilah,1990,122,Drama,Warner Bros.,Ephraim Crowder,13.116
Kate Frow,56,Space Truckers,2014,139,Comedy|Sci-Fi,Columbia,Rogers Rutt,34.077
Moria Andreasen,44,Morvern Callar,2001,145,Drama,Columbia,Steffen Mitrikhin,38.274
Bartlett Kimbling,59,Ministry of Fear,1938,137,Drama|Film-Noir|Thriller,Universal,Maxy Whybray,36.317
Else Bausor,30,"Battle Creek Brawl (Big Brawl, The)",1986,93,Action|Comedy,Universal,Beaufort Mayhou,20.24
Patti Cridge,17,Underneath,2002,97,Mystery|Thriller,Paramount,Lorry Passby,22.383
Carlina Jakeman,55,Malone,2003,130,Action|Drama|Thriller,Columbia,Isiahi Bartholomaus,29.929
Guillemette Cowan,57,Jin Roh: The Wolf Brigade (Jin-Rô),1994,132,Animation|Fantasy|Thriller,Paramount,Darrelle Feye,26.285
Rockwell Minguet,55,"Glimmer Man, The",1953,116,Action|Thriller,Warner Bros.,Terrence Towndrow,22.266
Almeta Janman,26,Manhattan Melodrama,1945,78,Crime|Drama|Romance,Disney,David Kiera,26.203
Arda Claughton,32,"Happiest Girl in the World, The (Cea mai fericita fata din lume)",1944,106,Drama,Warner Bros.,Eda Goreway,32.491
Jamil Somersett,8,Jail Bait,1958,110,Crime|Drama,MGM,Valencia Parnaby,17.549
Robinetta de Juares,24,Hamlet,1969,136,Drama,Paramount,Tamarah Whelpdale,31.513
Leonhard Haylett,17,White Man's Burden,1996,121,Drama,Columbia,Ricardo Hucklesby,26.007
Osborne Monier,57,Six Weeks,1958,117,Drama,Warner Bros.,Corina Feria,40.89
Pierrette Brewerton,19,Haunted House,1999,152,(no genres listed),MGM,Adriane O'Grogane,23.883
Sibyl Garralts,27,Head Over Heels,1967,114,Animation|Children|Comedy|Romance,Warner Bros.,Clayson Collop,27.788
Feliza Stovin,28,Easy,2001,101,Comedy|Drama|Romance,MGM,Pavia Fashion,21.417
Gabey Spiniello,66,Faust,2001,168,Drama|Fantasy|Horror,Disney,Boot Boorn,13.27
Malcolm McKain,31,Batman: Mystery of the Batwoman,1995,143,Action|Animation|Children|Crime,Paramount,Rachael Lesslie,0.5
Andy Callcott,60,Critters 2: The Main Course,1951,114,Comedy|Horror|Sci-Fi,Columbia,Coretta Ellaway,35.161
Fairfax Laurencot,20,Lumiere and Company (Lumière et compagnie),1993,95,Documentary,Columbia,Tamqrah Shiers,35.059
Helge Carrabot,53,No One Lives,1950,144,Horror|Thriller,Warner Bros.,Neel Fee,17.141
Anetta Fried,66,"Son of No One, The",2005,100,Action|Crime|Thriller,Disney,Samantha Bassingham,35.85
Hedy Abramamov,19,Prinsessa Ruusunen,1997,119,Children|Fantasy|Romance,Universal,Yank Skittreal,25.556
Giffer Stidever,72,Perfect Blue,1936,122,Animation|Horror|Mystery|Thriller,Fox,Ruth Udie,26.484
Clyve Snary,33,Katalin Varga,2003,126,Crime|Drama|Thriller,MGM,Moria Matas,52.144
Thaine Tulloch,58,Tales from the Crypt,1950,147,Horror,MGM,Natasha Lethby,28.127
Dar Bowhay,52,Titanic,1992,111,Action|Drama|Romance,Warner Bros.,Tallie Marioneau,9.589
Eyde Blake,28,Love Happens,1955,128,Comedy|Drama|Romance,Universal,Irene Ballantine,29.694
Karena Drever,40,Flock of Dodos: The Evolution-Intelligent Design Circus,1975,132,Documentary,Disney,Cal Bere,27.664
Dew Greenhalgh,72,So Long Letty,1974,112,Comedy|Musical,Paramount,Leia Keating,42.842
Gwen Seldon,31,Tuya's Marriage (Tuya de hun shi),1968,130,Drama|Romance,MGM,Florie Fasse,16.222
Ninnette Grevile,53,Bounce: Behind the Velvet Rope,1995,143,Documentary,Disney,Cammi Sturror,39.483
Mathilde MacQuaker,24,Paradise: Love,1942,134,Drama,Columbia,Tabina Whitnell,32.853
Dale Selby,36,Out for a Kill,1972,118,Action|Crime|Thriller,Disney,Cissiee Fountaine,25.269
Chantalle Sager,56,"Mother and the Whore, The (Maman et la putain, La)",1980,127,Drama,Paramount,Iggy Tynan,48.806
Sheppard Ashwell,39,Evelyn,1982,90,Drama,MGM,Eddy Bartol,31.009
Coriss Romanetti,5,Zatoichi and the Chess Expert (Zatôichi Jigoku tabi) (Zatôichi 12),1962,95,Action|Drama,Universal,Tania Simonard,31.657
Nigel Darker,25,Hello Down There,1966,131,Comedy|Sci-Fi,Columbia,Darb Clewer,50.607
Laurence Pie,58,Afterglow,1998,93,Drama|Romance,Columbia,Constantine Christy,25.718
Dosi Driffe,67,To Encourage the Others,2013,119,Drama,Disney,Vinnie Shottin,41.842
Cristal Doag,5,Now You Know,1994,115,Comedy|Romance,Fox,Langston Blackeby,11.499
Evangelin Wimpey,20,Hair,1997,102,Comedy|Drama|Musical,MGM,Gene Spykins,32.712
Dori Georger,14,"Special Day, A (Giornata particolare, Una)",1941,120,Drama|War,Warner Bros.,Devora Pudge,38.206
Casie Bosson,71,High Hopes,1960,107,Comedy,Disney,Eugenio Tranmer,22.382
Madelon Rijkeseis,60,Belle toujours,1995,129,Drama,Disney,Hebert Frears,30.207
Wendel Questier,53,Quackser Fortune Has a Cousin in the Bronx,2015,94,Comedy|Drama|Romance,Columbia,Keeley Ablott,29.21
Maynord Kendall,31,Disorderlies,1999,131,Comedy,Warner Bros.,Darcie Pothergill,30.57
Leonhard Quincee,47,"Page of Madness, A (Kurutta ippêji)",2002,113,Drama|Horror,Disney,Matthiew Dowthwaite,42.093
Henrik Lepope,59,Bolivia,2016,109,Drama,Warner Bros.,Danya Busst,25.486
Fairlie Husbands,16,"Great Waldo Pepper, The",1958,138,Drama|Romance,Columbia,Larine McAlester,26.017
Worden Friar,6,Strike Up the Band,1961,127,Comedy|Musical|Romance,Paramount,Eddie Campanelle,47.105
Ansley Fishlock,66,Rent,1946,115,Drama|Musical|Romance,Universal,Collen Yoxen,38.051
Deonne Fandrich,15,Wolf Creek,1965,113,Crime|Horror|Thriller,Universal,Arlan Godrich,38.019
Shalne Dehm,43,Gunbuster (Top wo Narae),1970,100,Action|Animation|Drama|Sci-Fi,Disney,Etty Tulley,22.225
Cortney Treacher,39,"Wild Horse, Wild Ride",2003,127,Documentary|Western,Universal,Anatollo Comizzoli,24.99
Kennedy O'Fearguise,59,Ten Tall Men,2017,97,Action|Adventure|Comedy|War,Paramount,Debi Alaway,39.66
Lyn Barthot,29,Scooby-Doo! Camp Scare,1946,131,Adventure|Animation|Children|Comedy|Mystery,Paramount,Richart Witherington,36.516
Vitia Alchin,30,"Honor Among Thieves (Adieu l'ami) (Farewell, Friend)",2013,93,Action|Adventure|Crime|Drama|Mystery|Thriller,Columbia,Brynne Valsler,17.04
Barry Carabet,70,Trust,1979,99,Drama|Thriller,Columbia,Dannel Helstrom,29.751
Phyllis Bartolacci,42,"Dirty Dozen, The",1937,89,Action|Drama|War,Columbia,Sidnee Legh,28.743
Mark Riccardelli,39,"Wind Rises, The (Kaze tachinu)",1966,133,Animation|Drama|Romance,MGM,Bancroft Vowdon,36.859
Sianna Denington,42,"Kids in the Hall: Same Guys, New Dresses",1993,115,Comedy|Documentary,Columbia,Aldin Tumasian,29.645
Oliy Mell,54,Tillbaka till Bromma,2003,130,Comedy,Universal,Cale Feldhorn,20.015
Reagen Riches,71,Orgazmo,1969,99,Comedy,MGM,Jacinthe Radleigh,29.491
Erich Minton,59,"Imaginarium of Doctor Parnassus, The",2000,115,Drama|Fantasy,MGM,Gloriana Padula,29.003
Laetitia Penhaleurack,49,Sphere,2009,103,Sci-Fi|Thriller,Columbia,Jocelin Galbreth,20.115
Stanislaw Gianolini,16,"Girl, Interrupted",1976,129,Drama,Universal,Ynez Coye,26.501
Lorna Dicken,34,Attraction,1946,120,Drama|Romance|Thriller,Paramount,Cynthie Latchford,23.586
Johan Rosenthal,66,Kismet,2008,111,Adventure|Fantasy,Warner Bros.,Shirley Rudland,34.515
Suzanna Antonignetti,20,Lola (Twinky) (London Affair),1972,121,Comedy|Drama|Romance,Paramount,Rivi Bliss,26.104
Ash MacRury,60,It Runs in the Family,1963,155,Comedy|Drama,Paramount,Freddie Grisenthwaite,24.938
Jareb Deighton,36,"Wrestler, The",2000,99,Drama,Paramount,Gard McParlin,32.607
Shermie Granleese,26,Through the Olive Trees (Zire darakhatan zeyton),1960,70,Drama,Universal,Myrilla Skewis,28.574
Brittne Brunstan,18,"Bottom of the Sea, The (El fondo del mar)",1952,124,Drama|Thriller,Paramount,Lonni Georgescu,29.024
Jaime Sinnott,63,"This World, Then the Fireworks",2011,141,Crime|Drama|Film-Noir,Warner Bros.,Pascale Doughill,29.921
Juliann Bolle,72,"Chechahcos, The",1978,136,Adventure|Drama,Columbia,Doralynne Speenden,30.785
Willdon Wilce,74,Fahrenhype 9/11,1945,102,Documentary,Fox,Liliane Faltin,21.435
Aubrette Gallymore,75,Top Banana,1988,138,Comedy|Musical|Romance,Paramount,Linn Kiln,26.879
Roda Vasilkov,40,Anywhere But Here,1992,133,Comedy|Drama,Columbia,Rozanne Petraitis,7.872
Bibi Wakeham,43,Smash-Up: The Story of a Woman,2017,117,Drama|Romance,Columbia,Daffie Woliter,28.525
Delinda Dalinder,60,"Guilt Trip, The",2015,122,Comedy,Paramount,Mirabella McKeaveney,22.027
Salomone Townshend,45,Quid Pro Quo,1984,130,Drama|Thriller,Paramount,Titos Dabbes,43.835
Shaw Friatt,9,Troll 2,1977,118,Fantasy|Horror,Columbia,Ortensia Macklam,18.077
Daisie Spearett,57,100 Rifles,1941,134,Adventure|War|Western,Paramount,Lydie Greatbach,46.384
Cary Itzcak,34,Dance with the Devil (Perdita Durango),1941,113,Action|Crime|Drama|Romance,MGM,Renelle Picford,36.673
Moyra Bridywater,9,Robin Hood,2000,97,Action|Drama,Paramount,Verge Kertess,20.632
Aridatha Valois,65,Voodoo Tiger,1947,103,Adventure,MGM,Florry Trout,50.273
Sherlocke Bimrose,17,Basic Instinct,1954,124,Crime|Mystery|Thriller,Warner Bros.,Bruno Tremaine,25.404
Josephina Bellamy,24,Resident Evil: Extinction,1976,117,Action|Horror|Sci-Fi|Thriller,Fox,Ewan Powys,24.495
Tobias Towns,36,Phantoms,1990,132,Drama|Horror|Thriller,MGM,Yancy Swayne,23.771
Bren Garahan,24,Tom & Thomas,1985,125,Adventure|Children,Columbia,Astrix Loraine,34.463
Marris Troake,21,Metallica: Some Kind of Monster,1941,132,Documentary,Columbia,Marilyn Yoselevitch,25.992
Darnell Chastaing,28,Listen to Britain,1938,121,Documentary,Fox,Dorry Gilmore,39.226
Paule Aslen,43,Flaming Star,1966,101,Western,Universal,Milty Domico,47.727
Jorry Geraghty,9,"Autumn Afternoon, An (Sanma no aji)",1941,114,Drama,Universal,Forester Robrose,43.13
Giavani Bratch,29,Who's the Caboose?,1951,120,Comedy|Documentary,Fox,Angy Chaperlin,21.099
William Lambdin,15,Sidewalls (Medianeras),2006,142,Drama,Disney,Rosaline Crosston,35.385
Vannie Worral,50,"Exterminating Angels, The (anges exterminateurs, Les)",1949,116,Drama|Fantasy|Romance,Paramount,Netta Drewe,15.208
Janek Milner,12,Modern Boy (Modeon boi),1986,103,Drama,Warner Bros.,Vivi Sleaford,34.12
Guillema McBayne,8,Days of Glory (Indigènes),2009,129,Action|Adventure|Drama|War,Warner Bros.,Edik Henbury,16.706
Chiquita Campagne,64,Shadow of the Thin Man,2010,138,Comedy|Crime|Mystery,Columbia,Edgard Gostage,43.291
Charita Flux,66,Nude Nuns with Big Guns,1974,94,Action|Comedy,Disney,Joelie Quemby,19.382
Stanton Brechin,7,"South of Heaven, West of Hell",2002,115,Drama|Western,Universal,Haley Bickerstaff,26.209
Ivar Creffeild,26,"Bachelor and the Bobby-Soxer, The",1954,135,Comedy,Columbia,Abbye Mollison,23.703
Janelle Padell,53,Die Hard,1968,155,Action|Crime|Thriller,Universal,Timothea Sandy,30.739
Billi Robus,35,Die Hard,1968,155,Action|Crime|Thriller,Universal,Timothea Sandy,30.739
Edy Battle,75,Bird,1957,150,Drama|Musical,MGM,Phil Pull,48.25
Aileen Malyon,23,Whisky Galore,1973,113,Comedy|Crime,Universal,Robb Niece,46.947
Jenda Kalker,35,Brother Orchid,1974,134,Comedy|Crime|Drama|Romance,MGM,Heriberto Rantoull,31.207
Sutherland Feldmark,29,"Overcoat, The (Il cappotto)",2005,150,Comedy|Drama|Fantasy,Columbia,Laure Dorrington,43.921
Marcela Hayselden,61,Mysterious Object at Noon (Dokfa nai meuman),1966,93,Drama|Mystery,Paramount,Dulciana Yoakley,13.462
Valli Corr,5,That Certain Woman,1953,89,Drama|Romance,Columbia,Neils Gatiss,21.564
Lavina Harner,24,Salaam Cinema,2016,143,Comedy|Documentary|Drama,Warner Bros.,Pattin Tittletross,42.936
Lucita Mold,55,The Spectacular Now,1991,120,Comedy|Drama|Romance,Fox,Dierdre Gallafant,3.564
Jackie Foxon,21,Skin,1986,118,Drama|Mystery,Universal,Chrissy Tapner,22.644
Deirdre Undrell,41,One of Our Dinosaurs Is Missing,1981,114,Adventure|Comedy,Warner Bros.,Camel Flynn,39.048
Jillian Greeve,26,"Touch of Zen, A (Xia nu)",1954,124,Action|Adventure,Columbia,Cherlyn Chesley,27.847
Bev Troucher,34,Get Over It,2015,88,Comedy|Romance,Warner Bros.,Gabriel Shorto,15.583
Dennis McClintock,71,Passionada,2000,76,Comedy|Romance,Fox,Kattie Crockford,26.815
Carmen Kitchaside,25,Youth of the Beast (Yaju no seishun),1987,106,Action|Crime|Mystery,Warner Bros.,Amalee Smelley,5.471
Grete Tute,27,Night Will Fall,2010,151,Documentary,Paramount,Roslyn Fairham,29.619
Borg Plaistowe,14,Invaders from Mars,1959,157,Sci-Fi,Fox,Fancy Fanning,24.202
Friedrich Fold,40,Bad Ronald,1965,141,Drama|Horror|Thriller,Paramount,Berri Lanceter,40.917
Rafaello Lillywhite,70,He's Just Not That Into You,1983,102,Comedy|Drama|Romance,Paramount,Aliza Morton,31.531
Arlana Housby,64,Paulie,2015,121,Adventure|Children|Comedy,Columbia,Cazzie Gringley,30.494
Monika Andino,66,"Man in the Iron Mask, The",2002,144,Action|Adventure|Drama,Disney,Iolande Hewes,13.445
Doris O'Rafferty,52,Hawking,1992,140,Documentary,Paramount,Dareen De Bischop,35.324
Gertruda Crump,36,Ace Ventura: Pet Detective,1956,111,Comedy,Universal,Lauraine Deevey,18.88
Baxie Keyworth,39,"Point Men, The",1984,154,Action|Drama,Disney,Bevon Assad,17.939
Clementina Iacoboni,56,Dead Men Don't Wear Plaid,2016,106,Comedy|Crime|Thriller,Universal,Lauretta Keable,17.713
Ruthi Caudwell,59,Underground: The Julian Assange Story,1951,121,Drama,MGM,Kary Kitter,25.821
Martita Bartol,70,Either Way (Á annan veg),1992,108,Comedy|Drama,Fox,Lamont Gallichan,45.609
Simeon Doddemeede,20,Memoirs of an Invisible Man,1997,119,Comedy|Romance|Sci-Fi|Thriller,MGM,Marna Gladman,27.63
Yevette Garthshore,34,I Love Trouble,2009,104,Action|Comedy,Universal,Loraine Boshers,28.649
Ezmeralda Heskey,9,"Cigarette Girl of Mosselprom, The (Papirosnitsa ot Mosselproma)",2006,110,Comedy|Romance,MGM,Aile Cornelleau,37.248
Marthe Worsham,8,"Secret Lives of Dentists, The",1940,98,Drama,Universal,Ole Farrer,23.657
Melisandra Pieche,34,Lymelife,2012,136,Comedy|Drama,Universal,Chev Karolovsky,23.416
Drusy Olenchenko,68,Déjà Vu,1973,127,Drama|Romance,Paramount,Jae Mosedall,37.292
Abigael Magnay,17,I Hate But Love (Nikui an-chikushô),1944,114,Action|Comedy|Drama|Romance,Universal,Tedman McElwee,32.696
Alidia Ronchi,43,3 Ninjas: High Noon On Mega Mountain,1942,126,Action|Children|Comedy,MGM,Richie Minors,39.995
Ketti Wilcot,42,Legends of the Fall,1986,89,Drama|Romance|War|Western,Warner Bros.,Marie-jeanne Testin,28.103
Kellyann Figgures,67,God Save the King,1993,77,Comedy|Drama|Romance,Disney,Ericka Kenna,21.17
Reinaldo McKirton,64,Taffin,1955,110,Action|Thriller,Fox,Tabatha Olley,50.023
Maddy Ussher,50,Madhouse,1987,104,Comedy,Paramount,Gearard Howick,39.412
Ninnetta Dewen,66,"Adventure of Sherlock Holmes' Smarter Brother, The",1937,65,Comedy|Crime|Mystery,Paramount,Kaleena Krolle,36.859
Rubetta Aldcorn,60,Cold Weather,1956,140,Drama,Paramount,Celinka Poynor,36.883
Derrik Doxey,33,"Cartoonist: Jeff Smith, BONE and the Changing Face of Comics, The",1942,125,Documentary,Warner Bros.,Amandi Legerwood,32.606
Wilhelmine Imeson,70,True Grit,1945,129,Western,MGM,Andree Staite,30.746
Beilul Normanell,5,Om Jai Jagadish,1978,102,Drama,Fox,Rosamund Leate,14.799
Yankee Breens,49,Moonlight and Valentino,1999,136,Drama|Romance,MGM,Ros Boni,25.777
Melody Provost,60,Raggedy Man,1998,120,Drama,Universal,Maynard Segoe,40.093
Stephannie Andrejs,8,"Woman, The",2015,104,Horror,Disney,Pacorro Lansbury,30.087
Denni Greatham,29,That Day (Ce jour-là),1978,114,Comedy|Crime|Drama|Mystery,Columbia,Shelby Staresmeare,44.073
Clemence Di Lucia,28,Animal Farm,1959,101,Animation|Drama,Paramount,Erina Halt,27.843
Frasier Board,6,"Pelican Brief, The",2017,112,Crime|Drama|Mystery|Romance|Thriller,Fox,Alexine Gregson,36.155
Ashli Lakeman,7,Rage of Angels: The Story Continues,1999,110,Drama,Paramount,Felike Normansell,21.576
Fernande Durgan,75,"Major and the Minor, The",1952,121,Comedy|Romance,Disney,Brnaby Catlin,31.418
Thornton Blown,31,Ain't Them Bodies Saints,1948,147,Drama,Columbia,Inge Swatheridge,34.274
Timmi Matejovsky,63,Only Daughter,1959,113,Drama,Universal,Nevil Bolsteridge,22.662
Gianni Wastie,7,Behaving Badly,1998,122,Comedy,Universal,Aimee Sellack,11.74
Phil Bloxsum,9,Cooperstown,1942,114,Drama,Paramount,Ashien Tiery,30.441
Howey Leglise,68,Volcano (Eldfjall),2007,96,Drama,MGM,Rosco Pembridge,38.801
Jacinda Lount,56,I'm Not Rappaport,2003,107,Comedy,MGM,Rene Stigers,25.473
Tillie Blanchflower,50,The Fearmakers,1960,134,Thriller,Fox,Domeniga Gabel,15.632
Lyda Yewdell,72,Watch Out for the Automobile (Beregis avtomobilya),1940,125,Comedy|Crime|Romance,Paramount,Sukey Breckon,28.214
Blair Sitlington,15,Bill Hicks: Relentless,1955,137,Comedy,Warner Bros.,Pascal Cordie,41.063
Phylis Lammerts,75,People in Places,1940,115,Comedy|Drama,Columbia,Karyn Imbrey,24.953
Sherilyn Aldred,67,She-Devil,2017,133,Comedy,Warner Bros.,Gordon Deverock,30.623
Merilyn Stiegars,71,Meet Me at the Fair,1949,120,Musical,Warner Bros.,Glynn Roulston,17.949
Brodie Kestle,74,Sadie Thompson,1949,118,Drama,Warner Bros.,Heather Vautier,35.416
Bryana Russen,22,Every Girl Should Be Married,1960,150,Comedy|Romance,MGM,Rudolf Smartman,32.956
Deane Laughton,41,So Dear to My Heart,1988,114,Children|Drama,Disney,Willem Moohan,27.727
Carolin Deverille,17,After the Thin Man,1993,128,Comedy|Crime|Mystery|Romance,MGM,Briana Cawker,37.041
Archer Kenney,59,Camouflage,2016,88,Action|Comedy,Paramount,Didi Sharville,14.956
Mufinella Thulborn,29,Charley Varrick,1978,139,Crime|Drama|Thriller,MGM,Adelheid Hilldrop,34.065
Ilka Skough,60,Brother's Keeper,1999,101,Documentary,Warner Bros.,Tessi Volleth,26.671
Griz Whitebrook,31,Nicht mein Tag,1968,129,Action|Comedy|Crime,Columbia,Kacie Nana,26.401
Sigismund Wilfing,38,Twilight of the Ice Nymphs,1999,108,Fantasy,Universal,Joana Barendtsen,34.171
Monique Leipoldt,30,Sidestreet,1992,123,Documentary,Disney,Margaret Marchant,35.485
Catha Tofanelli,53,Monogamy ,1945,128,Drama|Romance,MGM,Aggi Caldicott,27.286
Fara Cobby,23,Yesterday,1971,111,Drama,Universal,Mauricio Gurnett,36.632
Vilhelmina Riddel,9,Marie Antoinette,1957,125,Drama|Romance,Paramount,Pail Claibourn,20.767
Vittorio Hardcastle,40,Bucky Larson: Born to Be a Star,1945,120,Comedy,Warner Bros.,Madella Ciccotto,24.029
Katha Exroll,10,"Mechanic, The",1993,153,Action|Drama|Thriller,MGM,Filberte Gealle,40.151
Abbott Darling,61,"Hatful of Rain, A",2001,124,Drama,Warner Bros.,Lavena Watkinson,44.683
Tremain Issacov,56,In My Father's Den,1938,103,Drama,Fox,Jacquelyn Grahlmans,9.466
Shoshanna Longden,58,Blondes at Work,1970,94,Crime|Drama|Mystery|Romance,MGM,Maryrose Patrie,45.857
Isahella Caldicott,51,"Proposition, The",1986,117,Drama|Romance,Columbia,Sammy Denizet,42.123
Desi Acuna,15,Pontypool,1979,144,Horror|Thriller,Columbia,Ashil Wooland,56.974
Francoise Staner,23,Dickson Experimental Sound Film,1974,128,Musical,Fox,Callie Tramel,43.647
Hercule Tompkiss,21,Meet Bill,1939,110,Comedy|Drama,Fox,Karrie Pigeon,29.964
Camella Mulrenan,65,Belle toujours,1953,159,Drama,Universal,Alexandros Conquer,32.718
Yelena Blayd,54,Devil's Knot,1958,71,Crime|Drama|Thriller,Disney,Halimeda Klishin,46.348
Bjorn Doubleday,45,"Distant Voices, Still Lives",2013,106,Drama,Columbia,Ethan O'Hannen,32.196
Lauralee Ordemann,36,"Seeker: The Dark Is Rising, The",1944,155,Action|Adventure|Drama|Fantasy,Paramount,Shel Blanchflower,32.142
Huntlee Hoolaghan,57,Fade to Black,2004,133,Mystery|Thriller,Warner Bros.,Cordie Surfleet,14.496
Lin Fedoronko,44,Whispers in the Dark,1980,123,Thriller,Columbia,Madison Karim,23.436
Claus Kettridge,66,Salvage,1968,109,Horror|Mystery|Thriller,Paramount,Isis Mandell,20.389
Cassandra Navarro,5,Born to Defense (Zhong hua ying xiong),1980,116,Action|War,Warner Bros.,Johannah Seath,35.198
Amandie Cord,26,Party Monster,1962,106,Comedy|Crime|Drama|Thriller,Warner Bros.,Ladonna Trumpeter,43.847
Jarrod Herkess,64,Kiss Me Goodbye,1943,83,(no genres listed),Warner Bros.,Kinsley Bruce,28.21
Hansiain Lidgertwood,5,White Christmas,1977,117,Comedy|Musical|Romance,Warner Bros.,Naoma Merigon,17.187
Dori Harp,54,Abominable,1977,147,Horror,MGM,Tremaine Snoxall,34.017
Aaron Renshell,22,"Breed, The",1945,125,Horror|Thriller,Fox,Bel Robertson,51.285
Albie Ellicott,10,Footloose,1997,122,Comedy|Drama|Musical,MGM,Paule Kirvell,19.412
Emmerich Dearlove,34,Daleks' Invasion Earth: 2150 A.D.,1971,137,Adventure|Sci-Fi,Columbia,Mercy Minichi,22.672
Rana Chidley,21,Stop at Nothing: The Lance Armstrong Story,1976,112,Documentary|Thriller,Disney,Eben Glasper,30.423
Maryl Eshmade,68,Nightmare Man,1942,89,Comedy|Horror|Thriller,MGM,Adam Riccioppo,22.607
Loria Treswell,68,Dark Circles ,1973,112,Horror,Columbia,Rudolfo Bisgrove,27.802
Joline Keeffe,50,"Commitments, The",1941,94,Comedy|Drama|Musical,Universal,Salli Shipsey,47.183
Coriss Battrick,58,Krippendorf's Tribe,2002,120,Comedy,Columbia,Connie Riseborough,39.119
Tadeas Ranyelld,54,"Tramp, The (Awaara) (Awara)",1950,78,Drama|Musical|Romance,Fox,Paton Hammerton,15.682
Boone Heeney,73,One Way Boogie Woogie,1960,106,Documentary,Universal,Alexander Boundey,32.38
Darrelle Storms,67,Designing Woman,2007,121,Comedy,Fox,Roland MacMakin,25.398
Donal Bolwell,63,"Green Room, The (a.k.a. Vanishing Fiancee) (La chambre verte)",1968,102,Drama,Disney,Allyce MacDonnell,25.583
Kristien Rycraft,46,"World, The (Shijie)",1939,93,Drama,Paramount,Alisun Verna,34.323
Harlin Gawthorp,40,Jean Gentil,1946,145,Drama,Disney,Nap Tuplin,28.035
Thor Goulborne,69,Mr. Wu,2002,117,Drama,Warner Bros.,Jasper Drakers,29.411
Abel O'Cosgra,16,Seed of Chucky (Child's Play 5),1994,124,Comedy|Horror,Disney,Consuela Howles,35.61
Fawnia Deller,71,Bring It On,1990,71,Comedy,Columbia,Brigg Grindell,33.914
Philomena Smewings,11,In the Folds of the Flesh,1998,102,Drama|Horror|Thriller,Disney,Aaren Switsur,23.071
Napoleon Baumert,10,"Astronaut Farmer, The",1943,115,Drama,Warner Bros.,Chrissy Walczynski,20.236
Robinet Anderer,44,City of Joy,1966,100,Drama,Universal,Harriot Le Quesne,25.691
Darda Margram,65,Eddie Izzard: Circle,1961,105,Comedy,Universal,Hanni Shiers,13.098
Wolf O'Hickee,49,Welcome to Collinwood,1949,122,Comedy|Crime,Columbia,Thatch Pretorius,28.946
Henryetta De Miranda,35,Cleaner,1969,99,Crime|Thriller,Disney,Jamil Gedling,19.024
Lilla Cudbird,52,Temple Grandin,2010,107,Drama,Paramount,Lynsey Treadway,31.022
Randell Elham,68,Fraternity Vacation,2011,141,Comedy|Romance,Universal,Gilberte Steptoe,17.897
Bobbie Paulsson,52,Jackass 2.5,1964,115,Comedy|Documentary,Columbia,Kanya Livett,20.36
Isador Destouche,49,Pekka ja Pätkä puistotäteinä,1958,115,Comedy,Columbia,Kenn Persse,19.382
Averyl Bengochea,27,Mon Oncle Antoine,2010,141,Drama,MGM,Cammi Bareford,43.684
Bronnie Callister,44,Cradle 2 the Grave,1972,149,Action|Crime|Drama|Thriller,Fox,Stephan Clewarth,29.087
Kacey McFeate,15,It Came from Hollywood,1980,119,Comedy|Documentary,Columbia,Regine Reyes,38.913
Emmet Rodenburg,46,Känd från TV,2010,99,Comedy,Warner Bros.,Martha Ferrarello,28.536
Minni Franzonello,24,Highlander III: The Sorcerer (a.k.a. Highlander: The Final Dimension),1973,132,Action|Fantasy,Paramount,Dinah Maving,28.961
Callie Markussen,13,Fanfan la Tulipe (Fan-Fan the Tulip),1940,102,Action|Adventure|Comedy|Romance|War,Fox,Vincent MacDonough,13.828
Thurston Dehn,64,Grave Secrets (Silent Screams),1973,137,Horror,Columbia,Evangelina Schulz,28.288
Fleur Ould,64,Little Women,2006,82,Drama|Romance,Universal,Deanna Simanek,18.688
Astrid Tremblet,60,Hamlet,1980,105,Drama,Disney,Lanny Constantinou,54.839
Ebonee Fero,58,Here Comes Cookie,1972,128,Comedy,Paramount,Averyl Grimoldby,34.449
Gus Skamell,42,Son of the Mask,1985,126,Adventure|Children|Comedy|Fantasy,Warner Bros.,Huntlee Earles,21.225
Easter Hammett,61,Belle comme la femme d'un autre,1968,114,Comedy,Columbia,Clare Betchley,38.423
Dana Saffin,64,Sudden Death,2015,125,Action,Paramount,Augustine Dupoy,31.216
Pauli Straughan,5,In the Line of Duty: The F.B.I. Murders,1984,113,Action|Crime|Drama,Warner Bros.,Dame Baggott,22.249
Sherilyn Abbotson,35,Prozac Nation,2004,124,Drama,Fox,Alford Buchett,42.478
Maisey Everil,56,"Hunting of the President, The",1965,117,Documentary,Disney,Darrel Southcott,34.849
Alyssa Spooner,40,Simon of the Desert (Simón del desierto),1970,128,Drama,Universal,Myrta Bowie,23.902
Sollie Scranedge,47,My Father and My Son (Babam ve oglum),1998,144,Drama,Paramount,Angelica Bletso,14.951
Nancy Perks,45,Kal Ho Naa Ho,1987,104,Comedy|Drama|Romance,Universal,Melanie Dengate,27.177
Colly Moscrop,57,Lifeguard,1936,117,Comedy|Drama,Universal,Harcourt McCory,16.439
Vasili Bartos,47,Dark Mirror,1966,120,Thriller,MGM,Wilek Tinn,23.031
Helsa Kollach,18,Calamari Union,1996,148,Comedy,Paramount,Jodie Brenneke,32.094
Muire Torrie,43,"Good Humor Man, The",1961,113,Drama|Romance,Columbia,Kalina Ruthven,45.286
Siana Megarrell,16,Tokio Baby,1970,163,Drama,MGM,Vonni Fochs,15.801
Fanya Robens,15,Back in the Saddle (Back in the Saddle Again),1976,146,Action|Drama|Western,Columbia,Westley Showte,37.217
Alameda Colbrun,32,Charlie Chan in Paris,1978,137,Comedy|Crime|Drama|Mystery|Thriller,Warner Bros.,Caz Cleeton,31.134
Dominick Hambling,45,Torrente 4: Lethal Crisis,1999,95,Action|Comedy|Crime,Fox,Gale Abrahamoff,40.143
Branden Jelleman,70,Sweet Sweetback's Baadasssss Song,1941,118,Crime|Drama|Thriller,Disney,Cynde Smout,28.83
Bernie Lehrer,64,"Son, The (Le fils)",1958,118,Drama,Columbia,Ira Kryzhov,27.139
Harald Emanueli,24,Curse of the Blair Witch,1936,117,Documentary|Horror|Thriller,MGM,Annabel Durtnell,15.029
Elke Kilfether,17,Special Mission Lady Chaplin,1978,143,Action|Adventure,Warner Bros.,Gratiana Higbin,33
Alida O'Cuddie,50,"No God, No Master",2015,113,Crime|Drama|Thriller,Disney,Arlyne Blackadder,28.783
Stavros Hutley,62,"Windmill Movie, The",1961,115,Documentary,Columbia,Amery Gillam,27.476
Gardy Scarre,55,"Polar Express, The",1968,131,Adventure|Animation|Children|Fantasy|IMAX,Warner Bros.,Ewell Schutter,36.69
Otto Kaesmans,72,Time and Tide (Seunlau Ngaklau),1937,77,Action|Crime|Thriller,Warner Bros.,Ceciley Gascard,36.992
Gardener Andres,48,Last Summer in the Hamptons,1973,99,Comedy|Drama,Paramount,Andonis Dryburgh,20.299
Dominique Popley,13,Born to Race,1943,132,Action,MGM,Vikky Joplin,42.161
Lorant Houlaghan,32,Headhunters (Hodejegerne),2001,106,Action|Crime|Thriller,Fox,Helene Dundredge,34.924
Hortense Hambrick,42,Still Crazy,1997,92,Comedy|Romance,Paramount,Magdalena Lampitt,38.574
Simone Presslee,6,Ricky,2006,107,Comedy|Drama|Fantasy,Paramount,Timothee Lampaert,29.888
Zondra Hillum,25,Homer & Eddie,1986,104,Drama,Paramount,Ashil Wooland,56.974
Letta Estable,20,Watchmen: Tales of the Black Freighter,1962,144,Action|Adventure|Animation|Horror,Fox,Jourdain Stodd,28.391
Adele Fabbri,42,Idiots and Angels,1951,132,Animation|Drama|Fantasy,Universal,Lenora Alexandersen,27.231
Hedwig Friedenbach,18,Jim Carrey: Unnatural Act,2008,97,Comedy|Documentary,Warner Bros.,Lenore Helm,20.325
Bradney Phair,68,"Little Prince, The",1953,100,Children|Musical|Sci-Fi,Columbia,Tucky Pendock,34.66
Jobey Kobierski,62,Liliom,1985,123,Drama|Fantasy,Fox,Tate Ruane,41.894
Sherlock Orrin,30,The Count of Monte Cristo,1978,105,Adventure|Drama|Romance,Columbia,Chrissie Ostrich,24.683
Sasha Beauchop,13,Riviera,2013,120,Comedy|Drama,Fox,Winny Drever,31.875
Anissa Wint,51,Thunder Rock,1961,96,Drama|Fantasy|War,Columbia,Michaella McVeighty,19.69
Bibby Daulton,27,Small Town Girl,1939,134,Musical|Romance,MGM,Curtice Maffey,18.91
Joe Blackburn,61,"Turning Point, The",1983,113,Drama|Romance,Warner Bros.,Kirbee Lebell,24.243
Ruperto Oolahan,60,Tooth Fairy,1980,152,Comedy|Fantasy,Warner Bros.,Vyky Batchellor,23.477
Madelene Garvill,60,Venus,1965,135,Drama|Romance,Columbia,Mabel Bloschke,39.548
Steffane Micka,65,"Liar's Autobiography: The Untrue Story of Monty Python's Graham Chapman, A",1968,147,Animation|Comedy,Warner Bros.,Dorris Vineall,24.157
Ivy Caulton,45,Rebirth of Mothra II,1997,123,Action|Fantasy,MGM,Lillian Fayers,27.748
Eloisa Charlotte,57,"20,000 Leagues Under the Sea",2000,131,Action|Adventure|Sci-Fi,Paramount,Shandeigh MacClenan,22.98
Dallas Need,58,Seinto Seiya: Legend of Sanctuary (Seinto Seiya: Legend of Sanctuary),1957,104,Animation,Columbia,Harrietta Sommerly,34.916
Dniren Pitman,45,On Her Majesty's Secret Service,1939,117,Action|Adventure|Romance|Thriller,MGM,Michael Ternott,32.446
Roz Gratton,18,Little Dorrit,1946,116,Drama|Romance,Paramount,Kerwinn Broxup,29.158
Blanche Jiri,7,Himalaya (Himalaya - l'enfance d'un chef),1994,150,Adventure|Drama,Columbia,Isadora Reditt,45.338
Quintilla Milroy,73,Song of the Sea,1953,106,Animation|Children|Fantasy,Columbia,Anne-marie Doul,50.033
Catriona McInnes,37,"Bostonians, The",1989,116,Drama|Romance,Warner Bros.,Maridel Kahen,23.437
Mario Betonia,57,Red Road,1958,131,Drama,Warner Bros.,Herve Gilstoun,42.421
Bordy Dachey,18,Of Horses and Men,1992,120,Comedy|Drama|Romance,MGM,Torre Pidgeley,37.005
Ashley Forty,15,Dying Young,1989,156,Drama|Romance,Columbia,Kalindi Penzer,47.946
Lorraine Kleynen,57,Visioneers,1968,104,Comedy,Universal,Gaultiero Cady,24.376
Currie Duckett,10,"Fastest Gun Alive, The",1989,112,Western,Universal,Lewiss Randle,40.728
Ginnifer Adamsen,67,"Taking of Power by Louis XIV, The (Prise de pouvoir par Louis XIV, La)",1935,136,Drama,Columbia,Lauryn Mosedall,44.145
Marleen Riepel,64,Last Action Hero,1961,123,Action|Adventure|Comedy|Fantasy,Paramount,Arabel Duplan,30.232
Patrice Woodley,35,Steel Toes,1979,130,Crime|Drama,Warner Bros.,Therese Bradnum,39.343
Grata Purchase,45,"Crazies, The",1946,82,Action|Drama|Horror|Sci-Fi|Thriller,Columbia,Shellie D'Almeida,20.392
Inga Bawles,51,20 Dates,1971,152,Comedy|Romance,Disney,Joyann Hawlgarth,27.793
Ferdinand Mundle,13,Blue Is the Warmest Color (La vie d'Adèle),2000,144,Drama|Romance,Paramount,Hulda Imlaw,40.865
Michell Pincked,12,Houseboat,2008,86,Comedy|Romance,Columbia,Rosemonde Bateup,31.599
Nicholas McGeever,13,"Crew, The",1970,115,Drama|Thriller,Columbia,Pepito Davidy,23.02
Allegra Kayne,17,Clint Eastwood: Out of the Shadows,1939,145,Documentary,Universal,Georg Pogg,27.912
Renelle Pankhurst.,45,Wanda Sykes: Sick and Tired,1978,153,Comedy|Documentary,Paramount,Ranee Woolpert,33.061
Lawrence Maudsley,61,"Prophet, the Gold and the Transylvanians, The (Profetul, aurul si Ardelenii)",1976,128,Comedy|Western,Universal,Krissy Connerly,14.268
Grayce Guyan,75,Green Street Hooligans (a.k.a. Hooligans),1979,130,Crime|Drama,Universal,Slade Ison,38.051
Rafaelita Padkin,10,Outer Space,1977,88,Animation|Horror,MGM,Casey Matuschek,19.515
Valaree Rewcassell,73,Bugsy Malone,1950,115,Children|Comedy|Crime|Musical,Universal,Doris Maciocia,27.114
Steffane Cleife,46,The Hearts of Age,1993,107,(no genres listed),Disney,Hube Ovington,45.541
Annmaria Perone,65,"Good Wife, The",1977,121,Drama,Columbia,Aarika Davidoff,24.575
Leonardo Garfit,63,Decision Before Dawn,2002,125,Drama|War,Disney,Patrica Innwood,20.206
Barde Gatward,65,"Pont du Nord, Le",1978,143,Comedy|Fantasy|Mystery,Fox,Beverie Nilles,26.814
D'arcy Bradick,72,"Immigrant, The",1967,121,Drama|Romance,Disney,Matteo Ericssen,27.231
Dennie Jeavons,29,Once Upon a Forest,1989,113,Adventure|Animation|Children|Fantasy,Paramount,Dukie Godain,40.118
Rheba Pulbrook,18,"Squaw Man, The",2011,112,Drama|Western,Disney,Armando MacCafferky,36.194
Rawley Galilee,49,Love,1964,130,Drama|Sci-Fi,Warner Bros.,Hansiain Sisnett,22.605
Bernardo Kernoghan,26,Burma VJ: Reporting from a Closed Country (Burma VJ: Reporter i et lukket land),1990,158,Documentary,Columbia,Riobard Sargint,19.251
Sharline Wingrove,13,"French Connection, The",1936,144,Action|Crime|Thriller,Disney,Wandis Harmstone,33.479
Jordan McGeagh,42,Alien Space Avenger,1951,98,Comedy|Horror|Sci-Fi,MGM,Nye Lathleiff,19.995
Trip Leidecker,36,Sirens,1967,99,Drama,Universal,Margarita Rosenhaus,27.808
Chryste Kamiyama,24,Kevin Smith: Sold Out - A Threevening with Kevin Smith,2007,135,Comedy|Documentary,Warner Bros.,Johny Buxam,7.462
Michel Petruk,75,Norwegian Ninja,1984,130,Action|Comedy,Columbia,Tedie O'Cosgra,42.933
Adelice Duchart,46,Lianna,1943,132,Drama|Romance,Disney,Jamil Gruszka,19.248
Bendite Dobing,65,"Jew in the Lotus, The",1948,118,Documentary,Fox,Sean Mote,28.331
Dorella Martinovic,48,"Claim, The",1982,143,Romance|Western,Columbia,Zuzana Dickman,41.415
Delmore Gumley,64,"Marva Collins Story, The",1938,90,Documentary|Drama,MGM,Burton Allett,31.965
Cairistiona Jouning,10,Bewitched,2008,145,Comedy|Fantasy|Romance,MGM,Dickie Frankes,23.817
Mag Hatliffe,65,"Eleventh Year, The (Odinnadtsatyy) ",2003,106,Documentary,Paramount,Lizbeth Hampe,21.566
Sibylla Knapman,34,Werner - Gekotzt wird später,1935,95,Animation|Comedy,Disney,Jacobo Chatel,24.64
Winn Bolzen,19,"Help Me, Eros (Bang bang wo ai shen)",1943,137,Drama,Disney,Ebba Dewbury,4.11
Hunter Stolberger,20,Dante's Inferno,1942,147,Animation|Comedy,Warner Bros.,Cordie Kelner,36.119
Toiboid Kolodziej,41,Strange Cargo,1939,113,Drama,Universal,Gabbie Prettyman,28.334
Sephira Astle,12,Drew: The Man Behind the Poster,1963,96,Documentary,Disney,Oralla Killshaw,30.686
Henriette Feitosa,60,"Filth and the Fury, The",1978,124,Documentary,Fox,Lilith Warmisham,34.875
Sue Galley,69,"Perfect Man, A",1941,127,Drama,MGM,Dee Parsell,38.617
Angelico Hame,53,Steamboat Round the Bend,1944,137,Comedy|Drama,Fox,Phyllis Casperri,16.283
Neron Varrow,11,"Seventh Veil, The",1996,133,Drama,Fox,Merle Bloodworth,16.892
Vincent Hammett,37,Rasputin and the Empress,1951,114,Drama,Disney,Tate Balk,28.628
Nomi Goodwin,57,"Angel Named Billy, An",1990,95,Drama,Warner Bros.,Dede Rolland,20.788
Bel Goundrill,40,Helsinki Napoli All Night Long,1970,149,Comedy|Thriller,Fox,Sol Embling,15.152
Meir Vassay,75,Jamesy Boy,1976,131,Crime|Drama,Disney,Denise Arnao,30.657
Jeannine Greenard,5,"Jo Jo Dancer, Your Life is Calling",2017,104,Drama,Paramount,Robinson Pretley,22.549
Nevile Yaneev,24,K-PAX,1960,145,Drama|Fantasy|Mystery|Sci-Fi,Universal,Garwin McLellan,33.261
Theo Urlin,70,"Ghoul, The",1938,126,Drama|Horror,Fox,Judon McDermott-Row,32.473
Tymon Guyot,19,"Grand, The",1994,142,Comedy,Universal,Damon Crocroft,30.88
Padraic Duke,31,Wild Horses (Caballos salvajes),1969,134,Drama,Universal,Gilbertina Smithies,54.834
Read Diche,19,"Perils of Pauline, The",2003,119,Comedy,Paramount,Ivonne McNiven,25.956
Benedict Clerc,67,Bring Me the Head of Alfredo Garcia,1991,141,Crime|Drama|Thriller,Disney,Paquito Aleksich,50.9
Kristofer Peyro,24,"United States of Leland, The",1993,124,Crime|Drama,Columbia,Torrence Muckle,16.068
Craig Ulster,53,"American Friend, The (Amerikanische Freund, Der)",1983,102,Crime|Drama|Mystery|Thriller,Disney,Philippa Hulmes,23.506
Kalie Cheesworth,25,Where's Marlowe?,1957,113,Comedy,Fox,Elladine Sansun,40.052
Cherice Warr,47,Ghosts (Gespenster),1957,124,Drama,Columbia,Judi Thirlaway,37.933
Lorelle Gradly,71,Moonlighting,1937,119,Drama,Universal,Gideon Lapre,44.943
Jonathan Hesser,34,Hello Ladies: The Movie,1998,108,Comedy,MGM,Allyson Bladder,21.247
Lynnell Barsby,7,Homeward Bound: The Incredible Journey,2002,104,Adventure|Children|Drama,Fox,Charissa Klimshuk,22.163
Corena Lockart,24,American Me,1981,132,Drama,Warner Bros.,Laurene Wonfar,26.816
Jen Mahody,58,They Drive by Night,1941,109,Drama,Fox,Janaya Brome,31.077
Lacie Hamlett,29,Sinbad (Szindbád),1964,104,Drama,Paramount,Lavina Subhan,25.282
Saloma Jakuszewski,27,Piranha 3DD (a.k.a. Piranha DD),1970,134,Comedy|Horror,Universal,Barri Statter,27.891
Vale Cremin,12,"King and I, The",1993,127,Animation|Children,Universal,Valentino Cotty,41.225
Tanny Fairbard,64,Robin Hood,2000,97,Action|Drama,Paramount,Verge Kertess,20.632
Miran Molloy,73,In Too Deep,2011,98,Action|Thriller,Fox,Gerome Dehm,18.322
Alva McAlees,28,"Nine Lives of Tomas Katz, The",1968,162,Comedy|Drama|Fantasy,Disney,Ciel Doldon,37.048
Eryn Londesborough,14,And Along Come Tourists (Am Ende kommen Touristen),2000,91,Drama,Paramount,Read Gillyatt,30.069
Lucila Mantz,52,"Brothers O'Toole, The",2001,137,Comedy|Western,Columbia,Marin Brabon,22.436
Isac Koppeck,29,Just Imagine,1980,100,Musical|Sci-Fi,Universal,Dunc Meigh,26.38
Lizzie Gorham,25,Fantastic Four,1968,106,Action|Adventure|Sci-Fi,Columbia,Celie Gilgryst,30.133
Estella Dulinty,27,Paradise,1961,124,Drama,Columbia,D'arcy Godin,29.569
Ediva Schwieso,66,Sitting Pretty,1991,121,Comedy,Disney,Fritz Harle,20.727
Tymon Brymner,11,Dumbo,2012,95,Animation|Children|Drama|Musical,MGM,Merridie Pitkin,17.725
Murial Seckom,39,Fright Night 2: New Blood,1948,167,Horror,Warner Bros.,Lauritz Toft,36.239
Kin Faccini,66,Hypocrites,1957,88,Drama|Fantasy,Disney,Zia Seagrave,52.188
Oby Schole,40,Career Opportunities,1969,112,Comedy|Romance,Paramount,Gill Wahncke,31.87
Stephie Simnel,50,I Am Waiting (Ore wa matteru ze),2002,144,Crime|Drama,Fox,Mill Landy,49.579
Thomas Denisot,57,The Nautical Chart,1978,146,Adventure,MGM,Stewart Foulsham,22.311
Galvan Chrishop,67,Lucrèce Borgia,1962,133,(no genres listed),Disney,Ira Kitchenside,32.922
Brittan Ratray,53,Dear Me,1983,120,Comedy|Romance,Fox,Claiborne Hunnicutt,40.955
Natalee Castelluzzi,24,Lady and the Tramp,1976,118,Animation|Children|Comedy|Romance,Fox,Paula Souter,28.321
Carlie Evitt,41,"Last Blitzkrieg, The",1953,115,Drama|War,Universal,Cindee Treffry,39.602
Susi Bortol,67,Piranha 3DD (a.k.a. Piranha DD),1975,89,Comedy|Horror,Columbia,Stephie Mence,34.935
Harald Verillo,46,Flow,1971,113,Documentary,Disney,Nathanael Nuzzi,25.991
Lona Pena,74,Shit Year,1947,123,Drama,Warner Bros.,Robbie Penkman,36.357
Cymbre Coronas,51,Prinsessa (Starring Maja),2015,123,Drama,Paramount,Sandro Godthaab,22.017
Jobey Pickerill,12,24 City (Er shi si cheng ji),1990,115,Drama,Warner Bros.,Barn Russell,14.169
Irena Janos,48,Bizarre,1993,107,(no genres listed),MGM,Aubree Blackboro,16.919
Elmo McLemon,46,Samurai I: Musashi Miyamoto (Miyamoto Musashi),1976,106,Action|Adventure|Drama,Fox,Edgar Mulleary,23.422
Lucio Bartolacci,75,"Terror Within, The",1998,120,Horror|Sci-Fi,MGM,Fidole Kears,41.931
Elsa Skellen,64,Attack on the Iron Coast,1992,114,Action|Drama|War,Universal,Kai Ganniclifft,27.288
Benjamin Gregorowicz,73,Ugly,1943,125,Mystery|Thriller,Universal,Dacey Denney,28.783
Jerrold Foster,40,Louis Theroux: The Most Hated Family in America in Crisis,1953,129,Documentary,Warner Bros.,Corene Mewton,16.272
Cody Lusted,41,It Rains in My Village (Bice skoro propast sveta),1935,113,Drama,Paramount,Mellie Navarro,41.319
Lenee Creswell,61,"Grocer's Son, The (Fils de l'épicier, Le)",2016,144,Drama|Romance,Columbia,Ingram Eliasen,25.165
Alonso Woolham,63,Faster Pussycat! Kill! Kill!,1954,118,Action|Crime|Drama,MGM,Beverlee Demcak,26.097
Jenn Sayles,32,"Horde, The (La Horde)",1981,153,Action|Horror|Thriller,Universal,Fernandina Havard,56.869
Pattie Rikard,11,Vengeance is Mine (Fukushu suruwa wareniari),1943,118,Crime|Drama,Warner Bros.,Gallard Seys,29.69
Vyky Vaune,69,"Lifeguard, The",1937,142,Comedy|Drama,Disney,Paolina Hasnip,26.605
Abra Donisthorpe,33,"Client List, The",1985,82,Drama,Columbia,Noami Cornuau,17.483
Benita Ezzy,38,(A)sexual,1963,108,Comedy|Documentary|Drama,Universal,Meriel Normanton,33.676
Guillermo Hawken,25,Princess Protection Program,1954,113,Children|Drama,Columbia,Ingmar Skone,34.863
Demeter Stendall,7,Intimate Relations,1945,124,Comedy,MGM,Arri Stucke,33.359
Vanna McNamee,8,Will Ferrell: You're Welcome America - A Final Night with George W Bush,1999,153,Comedy,Columbia,Fancie Louisot,23.341
Malynda McBrearty,17,Elvis,1956,152,Drama,Paramount,Oliver Tiddy,39.879
Liam Senter,14,Magnificent Bodyguards (Fei du juan yun shan),2014,93,Action,Warner Bros.,Lorianna Bugg,24.184
Ashleigh De Freyne,67,Timber Falls,1980,123,Horror|Thriller,MGM,Nicolais Downes,27.943
Dona Poxton,32,"Men, The",2016,161,Drama,Warner Bros.,Ferdinand Westmorland,28.558
Billi Robus,35,"Men, The",2016,161,Drama,Warner Bros.,Ferdinand Westmorland,28.558
Alica Wrighton,16,"Crimson Rivers 2: Angels of the Apocalypse (Rivières pourpres II - Les anges de l'apocalypse, Les)",1985,97,Action|Crime|Thriller,MGM,Megen Fetherston,48.513
Laurie Penwright,33,Jamesy Boy,1941,133,Crime|Drama,MGM,Delphine Burdell,29.109
Stanwood Mostyn,49,Heat,2009,116,Action|Crime|Thriller,Paramount,Burgess Hanratty,26.763
Vladimir Petyt,57,"Hustler, The",1940,154,Drama,Warner Bros.,Alyssa Ledington,5.82
Kippie Durtnall,39,"Frank McKlusky, C.I.",1993,95,Comedy,Universal,Davin Woollhead,30.203
Ashien Olander,32,Strangers When We Meet,1957,110,Drama,Universal,Rhianna Leupold,41.22
Moria Krochmann,16,"Way South, The (De weg naar het zuiden)",2001,112,Documentary,Paramount,Jewelle Arden,35.779
Isahella Trustie,48,"Pool, The (Swimming Pool - Der Tod feiert mit) ",1960,95,Horror|Thriller,MGM,Ker Liggins,50.534
Phillipp Lettuce,61,Beach Party,1950,131,Comedy,Universal,Willetta McMenamie,31.998
Sutherland Flaherty,51,Autumn Ball (Sügisball),1941,108,Drama,Fox,Alexandra Addess,42.1
Terra Gallahar,64,Gorillas in the Mist,1953,127,Drama,Fox,Benita Kilbourn,26.578
Danita Tellenbach,27,Young Thugs: Nostalgia (Kishiwada shônen gurentai: Bôkyô),1941,110,Drama,Disney,Danell Cassel,38.152
Emilia Addicote,45,"People Under the Stairs, The",1965,121,Horror|Mystery|Thriller,Warner Bros.,Gunter Sholem,25.223
Westbrook Dartan,28,Flower Drum Song,1972,96,Comedy|Musical|Romance,Fox,Meredith McGrady,11.619
